Invoice No,Date,Vendor,Design No,Ordered Qty,Generated Barcodes Qty,Missing Qty (If Negative then Extra)
"2025-2026/789","2026-03-11","JAMIL BANDHEJ SAREE","1",37,19,18
"2025-26/M/0979","2026-03-17","MILAN ","D-12376",14,4,10
"S786","2026-03-07","NIRJA HANDICRAFT ","11",11,1,10
"USP/2601/25-26","2026-03-06","URVASHI SAREES PVT LTD","UV3A",11,1,10
"1762/25-26","2026-03-11","JAMNADAS BECHARDAS & SONS","1",8,0,8
"1762/25-26","2026-03-11","JAMNADAS BECHARDAS & SONS","2",8,0,8
"ED/002853/25-26","2026-03-08","AASHIRVAD HERITAGE PVT LTD","DCP1",14,6,8
"HETPL/2120","2026-03-05","HANDLOOM EMPORIUM TEXT.PRT.LTD","D 1",12,4,8
"USP/2598/25-26","2026-03-06","URVASHI SAREES PVT LTD","UV2 481",10,2,8
"10","2026-03-11","SUNRAYS CHIKANKARI LLP","17",8,1,7
"GST-02054-25-26","2026-03-13","M/S ADISHAKTI CREATIONS ","1/12",12,5,7
"LV/009843/25-26","2026-03-07","LA VESTA ","S 151-1213",14,7,7
"RD/009158/25-26","2026-03-10","RUPDARSHI HERITAGE PVT LTD","036-1",11,4,7
"S786","2026-03-07","NIRJA HANDICRAFT ","15",7,0,7
"006345/25-26","2026-03-10","JDS DESIGN STUDIO PRIVATE LIMITED","EC13-2/3",9,3,6
"HETPL/2116","2026-03-05","HANDLOOM EMPORIUM TEXT.PRT.LTD","COT FEB 2",13,7,6
"HETPL/2116","2026-03-05","HANDLOOM EMPORIUM TEXT.PRT.LTD","COT FEB",12,6,6
"489","2026-03-11","SRI GANESH CREATIONS ","14",9,4,5
"489","2026-03-11","SRI GANESH CREATIONS ","13",9,4,5
"USP/2598/25-26","2026-03-06","URVASHI SAREES PVT LTD","UV2A",10,5,5
"10","2026-03-11","SUNRAYS CHIKANKARI LLP","19",5,1,4
"10","2026-03-11","SUNRAYS CHIKANKARI LLP","16",9,5,4
"10/2026-27","2026-04-16","CHIC BY GAURI","1-BROWN-01",6,2,4
"234563","2026-03-05","V NARBHERAM & CO","662",8,4,4
"234564","2026-03-05","V NARBHERAM & CO","1852",8,4,4
"234564","2026-03-05","V NARBHERAM & CO","656",4,0,4
"234571","2026-03-05","V NARBHERAM & CO","598",6,2,4
"234575","2026-03-05","V NARBHERAM & CO","754",11,7,4
"234575","2026-03-05","V NARBHERAM & CO","620",11,7,4
"HETPL/2120","2026-03-05","HANDLOOM EMPORIUM TEXT.PRT.LTD","D 13",9,5,4
"HETPL/2233","2026-03-12","HANDLOOM EMPORIUM TEXT.PRT.LTD","1/7",7,3,4
"ID/10767/2025-26","2026-03-11","ISHUM DESIGNS","IRT/KC/324",6,2,4
"S786","2026-03-07","NIRJA HANDICRAFT ","12",5,1,4
"10","2026-03-11","SUNRAYS CHIKANKARI LLP","2",4,1,3
"11942","2026-03-07","SADBHAVANA ENTERPRISES","922",5,2,3
"2014","2026-03-13","KUTCH BANDHEJ-NX","1/5",5,2,3
"239","2026-04-23","AARI","6905",3,0,3
"489","2026-03-11","SRI GANESH CREATIONS ","1",6,3,3
"489","2026-03-11","SRI GANESH CREATIONS ","15",6,3,3
"5462/25-26","2026-02-28","AARI","25441 1",11,8,3
"ID/10689/2025-26","2026-03-08","ISHUM DESIGNS","13177",6,3,3
"LV/010281/25-26","2026-03-13","LA VESTA ","445M",8,5,3
"S790","2026-03-07","NIRJA HANDICRAFT ","1",4,1,3
"SB-8729/25-26","2026-04-20","BOOM JNS PVT LTD","87492-A",8,5,3
"USP/2599/25-26","2026-03-07","URVASHI SAREES PVT LTD","UV3A",8,5,3
"10","2026-03-11","SUNRAYS CHIKANKARI LLP","1",6,4,2
"10/2026-27","2026-04-16","CHIC BY GAURI","2-BROWN-01",3,1,2
"12439","2026-03-17","SADBHAVANA ENTERPRISES","18677 y",3,1,2
"1941","2026-03-09","NEW MODERN CHIKAN","16/4",4,2,2
"1941","2026-03-09","NEW MODERN CHIKAN","2/5",5,3,2
"2014","2026-03-13","KUTCH BANDHEJ-NX","15/4",4,2,2
"2021","2026-03-18","KUTCH BANDHEJ-NX","4/2",2,0,2
"239","2026-04-23","AARI","25431",8,6,2
"239","2026-04-23","AARI","9013",8,6,2
"239","2026-04-23","AARI","9003",8,6,2
"239","2026-04-23","AARI","9014",8,6,2
"239","2026-04-23","AARI","9019",8,6,2
"26001","2026-04-16","LINEN AND LINENS PVT LTD","260188",6,4,2
"307","2026-04-29","M. F. CREATION","5",5,3,2
"3431","2026-03-08","UMMED SAREE CENTRE NX","1/5",5,3,2
"458","2026-05-06","AARI","9011-A",8,6,2
"489","2026-03-11","SRI GANESH CREATIONS ","11",3,1,2
"5462/25-26","2026-02-28","AARI","25429 1",11,9,2
"5462/25-26","2026-02-28","AARI","9009 1",10,8,2
"5462/25-26","2026-02-28","AARI","6898 1",10,8,2
"5593/25-26","2026-03-10","AARI","6894",8,6,2
"5593/25-26","2026-03-10","AARI","16479",11,9,2
"5593/25-26","2026-03-10","AARI","16478",9,7,2
"5656/25-26","2026-03-11","AARI","6903 NB",8,6,2
"5656/25-26","2026-03-11","AARI","6906",6,4,2
"5656/25-26","2026-03-11","AARI","16476",8,6,2
"6050/25-26","2026-03-23","AARI","6899",8,6,2
"6050/25-26","2026-03-23","AARI","25434",8,6,2
"63/26-27","2026-05-05","AARI","6899",8,6,2
"63/26-27","2026-05-05","AARI","K-1026",8,6,2
"63/26-27","2026-05-05","AARI","25420",8,6,2
"63/26-27","2026-05-05","AARI","2629",8,6,2
"63/26-27","2026-05-05","AARI","K-0878",8,6,2
"GST-02054-25-26","2026-03-13","M/S ADISHAKTI CREATIONS ","4/6",6,4,2
"HETPL/2233","2026-03-12","HANDLOOM EMPORIUM TEXT.PRT.LTD","3/4",4,2,2
"ID/10689/2025-26","2026-03-08","ISHUM DESIGNS","13180",4,2,2
"ID/10689/2025-26","2026-03-08","ISHUM DESIGNS","13178",6,4,2
"ID/10871/2025-26","2026-03-09","ISHUM DESIGNS","13179",4,2,2
"ID/11229/2025-26","2026-03-09","ISHUM DESIGNS","13179",4,2,2
"JS26-006341","2026-03-08","JDS DESIGN STUDIO PRIVATE LIMITED","EC17",8,6,2
"LV/010404/25-26","2026-03-16","LA VESTA ","445M Y",3,1,2
"MSK/2208/2025-26","2026-03-12","MEHRA SAREE KENDRA ","4768",5,3,2
"MSK/2208/2025-26","2026-03-12","MEHRA SAREE KENDRA ","1546",5,3,2
"MSK/2208/2025-26","2026-03-12","MEHRA SAREE KENDRA ","4561 ORG",4,2,2
"MSK/2208/2025-26","2026-03-12","MEHRA SAREE KENDRA ","1508",4,2,2
"MSK/2208/2025-26","2026-03-12","MEHRA SAREE KENDRA ","1546-18",3,1,2
"MSK/2244/2025-26","2026-03-14","MEHRA SAREE KENDRA ","2897 Y",3,1,2
"NCS/003825/25-26","2026-03-20","NILIMA CREATIONS ","671",4,2,2
"RD/009159/25-26","2026-03-05","RUPDARSHI HERITAGE PVT LTD","HP-212E",4,2,2
"RD/009159/25-26","2026-03-05","RUPDARSHI HERITAGE PVT LTD","HP-212",3,1,2
"RDS/006479/25-26","2026-03-10","RUPDARSHI DESIGNS PRIVATE LIMITED","RDWH301",4,2,2
"S786","2026-03-07","NIRJA HANDICRAFT ","1",3,1,2
"S786","2026-03-07","NIRJA HANDICRAFT ","2",3,1,2
"S786","2026-03-07","NIRJA HANDICRAFT ","17",4,2,2
"S786","2026-03-07","NIRJA HANDICRAFT ","10",3,1,2
"S786","2026-03-07","NIRJA HANDICRAFT ","18",2,0,2
"SB-8729/25-26","2026-04-20","BOOM JNS PVT LTD","24058-A",8,6,2
"SB8423/25-26","2026-03-13","BOOM JNS PVT LTD","24058",8,6,2
"SB8423/25-26","2026-03-13","BOOM JNS PVT LTD","24058-5",8,6,2
"UVFPL/25-26/2042","2026-04-25","UTKRISHT VATIKA FASHIONS PVT. LTD.","0643",4,2,2
"UVFPL/25-26/2042","2026-04-25","UTKRISHT VATIKA FASHIONS PVT. LTD.","0376",5,3,2
"VE1722/25-26","2026-03-09","VIRA ENTERPRISES","3009-B",4,2,2
"VFPL-2478","2026-04-15","VARIMA FASHIONS PVT LTD","T/584/KKP-933-G",3,1,2
"110","2026-04-26","MAIDENS CREATION","DES-6060",1,0,1
"110","2026-04-26","MAIDENS CREATION","DES-6410",1,0,1
"110","2026-04-26","MAIDENS CREATION","DES-6206",1,0,1
"11793","2026-03-09","SADBHAVANA ENTERPRISES","HKD-189",3,2,1
"11793","2026-03-09","SADBHAVANA ENTERPRISES","HT-13",5,4,1
"11942","2026-03-07","SADBHAVANA ENTERPRISES","610",3,2,1
"12439","2026-03-17","SADBHAVANA ENTERPRISES","17004 g",2,1,1
"12439","2026-03-17","SADBHAVANA ENTERPRISES","17001 g",2,1,1
"12439","2026-03-17","SADBHAVANA ENTERPRISES","17002 g",2,1,1
"12439","2026-03-17","SADBHAVANA ENTERPRISES","18677",2,1,1
"12439","2026-03-17","SADBHAVANA ENTERPRISES","18641",2,1,1
"1752/25-26","2026-03-11","JAMNADAS BECHARDAS & SONS","3",3,2,1
"1753/25-26","2026-03-11","JAMNADAS BECHARDAS & SONS","3",1,0,1
"1941","2026-03-09","NEW MODERN CHIKAN","1/3",3,2,1
"2021","2026-03-18","KUTCH BANDHEJ-NX","6/1",1,0,1
"2021","2026-03-18","KUTCH BANDHEJ-NX","3/1",1,0,1
"2023","2026-03-13","KUTCH BANDHEJ-NX","2/1",1,0,1
"232","2026-04-28","ISHUM DESIGNS","13179-YL",3,2,1
"232","2026-04-28","ISHUM DESIGNS","13179-PK",3,2,1
"232","2026-04-28","ISHUM DESIGNS","13180-PK",3,2,1
"232","2026-04-28","ISHUM DESIGNS","13177-YL",3,2,1
"234568","2026-03-06","V NARBHERAM & CO","670",3,2,1
"234568","2026-03-06","V NARBHERAM & CO","2852",1,0,1
"234569","2026-03-05","V NARBHERAM & CO","9717",1,0,1
"234570","2026-03-05","V NARBHERAM & CO","854",3,2,1
"239","2026-04-23","AARI","6905-B",1,0,1
"24/202-27","2026-05-07","CHIC BY GAURI","135-02",2,1,1
"24/202-27","2026-05-07","CHIC BY GAURI","135",2,1,1
"25-26/1388","2026-03-01","Manvi &Manik","M-748",1,0,1
"25-26/1388","2026-03-01","Manvi &Manik","M-772",1,0,1
"25-26/311","2026-03-09","ZUBEDA SILK & SAREES ","Z1",2,1,1
"25-26/3360","2026-03-14","TULIPS ","2898",3,2,1
"25-26/3403","2026-03-13","TULIPS ","P-3033",2,1,1
"25-26/3403","2026-03-13","TULIPS ","P-2960",2,1,1
"2627","2026-04-01","R.F. DESIGNERS","5586-R",10,9,1
"265","2026-05-09","MAIDENS CREATION","6404",2,1,1
"3040","2026-03-20","L P TRADE LINKS","1315 F",2,1,1
"3509/25-26","2026-02-28","SHAASHVAT DESIGN STUDIO","2021",2,1,1
"3509/25-26","2026-02-28","SHAASHVAT DESIGN STUDIO","2043",2,1,1
"489","2026-03-11","SRI GANESH CREATIONS ","12",2,1,1
"5513","2026-03-07","MAIDENS CREATION","DES-6277",4,3,1
"5656/25-26","2026-03-11","AARI","6903",8,7,1
"5656/25-26","2026-03-11","AARI","9001",7,6,1
"5878/25-26","2026-03-16","AARI","0897",8,7,1
"5878/25-26","2026-03-16","AARI","25435",8,7,1
"5878/25-26","2026-03-16","AARI","6890-2",3,2,1
"6050/25-26","2026-03-23","AARI","K-1007",8,7,1
"6050/25-26","2026-03-23","AARI","6891",8,7,1
"6216/25-26","2026-04-09","AARI","K-1025-A",7,6,1
"634","2026-03-11","STYLUXE APPAREL","ST159",9,8,1
"674/25-26","2026-03-12","LA BRODERIE CO.","4264",3,2,1
"AH/008527/25-26","2026-03-02","AASHIRVAD HERITAGE PVT LTD","112D-45",6,5,1
"AH/008528/25-26","2026-03-04","AASHIRVAD HERITAGE PVT LTD","FF/335/2036",5,4,1
"AT04709/25-26","2026-03-10","AHUJA TEXTILES","US0673",5,4,1
"DDD/07542/25-26","2026-03-02","DEV DARSHAN DESIGNS PVT LTD","AKR-4284",3,2,1
"E-2179","2026-02-28","RUDRAKSH","S-3445",2,1,1
"E-2179","2026-02-28","RUDRAKSH","S-3387",2,1,1
"E-2179","2026-02-28","RUDRAKSH","V-1098 (XL)",2,1,1
"E-2179","2026-02-28","RUDRAKSH","S-3446 (XL)",2,1,1
"E-2179","2026-02-28","RUDRAKSH","V-1021",2,1,1
"E-2179","2026-02-28","RUDRAKSH","S-3445 ( PURPLE )",2,1,1
"E-2179","2026-02-28","RUDRAKSH","S-3450",2,1,1
"E-2248","2026-02-28","RUDRAKSH","V-1085",2,1,1
"E-2248","2026-02-28","RUDRAKSH","S-3481",2,1,1
"E-2373","2026-03-08","RUDRAKSH","V-1095",3,2,1
"E-2373","2026-03-08","RUDRAKSH","S-3089",3,2,1
"E-2373","2026-03-08","RUDRAKSH","S-3441",3,2,1
"E-2535","2026-03-18","RUDRAKSH","V-1076",3,2,1
"E-2572","2026-03-20","RUDRAKSH","1077",2,1,1
"E-2634","2026-04-18","RUDRAKSH","V-1088-Y",2,1,1
"E-2634","2026-04-18","RUDRAKSH","V-1088-G",2,1,1
"E-2634","2026-04-18","RUDRAKSH","V-1087-P",2,1,1
"E-2634","2026-04-18","RUDRAKSH","V-1087-B",2,1,1
"E-2695","2026-04-13","RUDRAKSH","S-3455",2,1,1
"E-2695","2026-04-13","RUDRAKSH","V-1115-RANI",2,1,1
"E-2695","2026-04-13","RUDRAKSH","V-1115-YELLOW",2,1,1
"E-2695","2026-04-13","RUDRAKSH","S-3472",2,1,1
"E-2695","2026-04-13","RUDRAKSH","S-3500",2,1,1
"F-115","2026-05-06","RUDRAKSH","S-3523",2,1,1
"F-115","2026-05-06","RUDRAKSH","S-3494",2,1,1
"F-115","2026-05-06","RUDRAKSH","S-3160-02",2,1,1
"F-115","2026-05-06","RUDRAKSH","S-3504",2,1,1
"F-175","2026-05-03","RUDRAKSH","S-3498",2,1,1
"F-175","2026-05-03","RUDRAKSH","V-1094",2,1,1
"F-175","2026-05-03","RUDRAKSH","S-3499",2,1,1
"F-55","2026-04-16","RUDRAKSH","S-3501",3,2,1
"F-55","2026-04-16","RUDRAKSH","S-3502",3,2,1
"F-55","2026-04-16","RUDRAKSH","S-3491",3,2,1
"GFIVE/2178/25-26","2026-03-20","GFIVE DESIGNERS COUTURE PVT.LTD.","4030",2,1,1
"GST-02054-25-26","2026-03-13","M/S ADISHAKTI CREATIONS ","11/4",4,3,1
"GST-02054-25-26","2026-03-13","M/S ADISHAKTI CREATIONS ","5/6",6,5,1
"GST/25-26/4116","2026-02-28","ISHIKA CREATION","10067",1,0,1
"HETPL/2120","2026-03-05","HANDLOOM EMPORIUM TEXT.PRT.LTD","D 10",2,1,1
"HETPL/2120","2026-03-05","HANDLOOM EMPORIUM TEXT.PRT.LTD","D 12",3,2,1
"HETPL/2120","2026-03-05","HANDLOOM EMPORIUM TEXT.PRT.LTD","D 11",3,2,1
"ID/10236/2025-26","2026-03-11","ISHUM DESIGNS","13163",3,2,1
"ID/10236/2025-26","2026-03-11","ISHUM DESIGNS","13156",3,2,1
"ID/10236/2025-26","2026-03-11","ISHUM DESIGNS","13155",3,2,1
"ID/10236/2025-26","2026-03-11","ISHUM DESIGNS","OR-315",3,2,1
"ID/10236/2025-26","2026-03-11","ISHUM DESIGNS","13168",3,2,1
"ID/10236/2025-26","2026-03-11","ISHUM DESIGNS","13161",3,2,1
"ID/10236/2025-26","2026-03-11","ISHUM DESIGNS","13157",3,2,1
"ID/10237/2025-26","2026-03-11","ISHUM DESIGNS","13153",1,0,1
"ID/10237/2025-26","2026-03-11","ISHUM DESIGNS","15714",6,5,1
"ID/10238/2025-26","2026-02-28","ISHUM DESIGNS","SS 15743P",3,2,1
"ID/10238/2025-26","2026-02-28","ISHUM DESIGNS","SS 15743G",3,2,1
"ID/10238/2025-26","2026-02-28","ISHUM DESIGNS","SN 2384",3,2,1
"ID/10238/2025-26","2026-02-28","ISHUM DESIGNS","ISH 652",3,2,1
"ID/10399/2025-26","2026-02-28","ISHUM DESIGNS","SS 15719",3,2,1
"ID/10399/2025-26","2026-02-28","ISHUM DESIGNS","ISH 654 1",3,2,1
"ID/10767/2025-26","2026-03-11","ISHUM DESIGNS","IRT/KC/332",3,2,1
"ID/10767/2025-26","2026-03-11","ISHUM DESIGNS","IRT/KC/328",3,2,1
"ID/10767/2025-26","2026-03-11","ISHUM DESIGNS","IRT/KC/327",3,2,1
"ID/11062/2025-26","2026-03-10","ISHUM DESIGNS","IK-83",6,5,1
"ID/11448/2025-26","2026-03-12","ISHUM DESIGNS","13182",2,1,1
"ID/12141/2025-26","2026-04-16","ISHUM DESIGNS","13176-Y",3,2,1
"ID/12141/2025-26","2026-04-16","ISHUM DESIGNS","13176-C",3,2,1
"ID/12141/2025-26","2026-04-16","ISHUM DESIGNS","13185-R",3,2,1
"ID/12141/2025-26","2026-04-16","ISHUM DESIGNS","13185-O",3,2,1
"ID/12315/2025-26","2026-04-11","ISHUM DESIGNS","661-PEACH",3,2,1
"ID/12315/2025-26","2026-04-11","ISHUM DESIGNS","661-BROWN",3,2,1
"ID/36/2026-27","2026-04-19","ISHUM DESIGNS","13174-SKY BLUE",3,2,1
"ID/36/2026-27","2026-04-19","ISHUM DESIGNS","13171-BLUE",3,2,1
"ID/36/2026-27","2026-04-19","ISHUM DESIGNS","13181-PEACH",3,2,1
"ID/36/2026-27","2026-04-19","ISHUM DESIGNS","13181- CREAM",3,2,1
"ID/36/2026-27","2026-04-19","ISHUM DESIGNS","13174-PEACH",3,2,1
"ID/36/2026-27","2026-04-19","ISHUM DESIGNS","13171-PINK",3,2,1
"INV/25-26/5471","2026-03-09","BHAGWAN HANDLOOM HOUSE","D13953",3,2,1
"INV/25-26/5471","2026-03-09","BHAGWAN HANDLOOM HOUSE","D14263",2,1,1
"INV/25-26/5472","2026-03-05","BHAGWAN HANDLOOM HOUSE","11928",4,3,1
"INV/25-26/5472","2026-03-05","BHAGWAN HANDLOOM HOUSE","10836",3,2,1
"INV/25-26/5472","2026-03-05","BHAGWAN HANDLOOM HOUSE","12992",3,2,1
"JS26-006340","2026-03-10","JDS DESIGN STUDIO PRIVATE LIMITED","961SU",3,2,1
"JS26-006344","2026-03-02","JDS DESIGN STUDIO PRIVATE LIMITED","JS439866",2,1,1
"KANWS25-26-06591","2026-03-06","KANCHANA","14969",1,0,1
"KANWS25-26/06597","2026-03-05","KANCHANA","17275",4,3,1
"KC/INV/584/25-26","2026-04-13","KRISHNA COLLECTION","90",2,1,1
"KCNS25-26-000801","2026-02-28","KANCHANA NEXT","KAN12733",2,1,1
"KL/25-26/4888","2026-03-11","KRISHNA SUNDRY COTTAGE INDUSTRIES PVT LTD","144241 JJ -14",2,1,1
"KL/25-26/4888","2026-03-11","KRISHNA SUNDRY COTTAGE INDUSTRIES PVT LTD","144252-18",2,1,1
"KL/25-26/4888","2026-03-11","KRISHNA SUNDRY COTTAGE INDUSTRIES PVT LTD","144241B-11",2,1,1
"LV/009843/25-26","2026-03-07","LA VESTA ","S151-445",1,0,1
"LV/010404/25-26","2026-03-16","LA VESTA ","445 y",2,1,1
"LV/010492/25-26","2026-03-18","LA VESTA ","LV-US-7714-G",3,2,1
"MSK/2208/2025-26","2026-03-12","MEHRA SAREE KENDRA ","1171 MUL",3,2,1
"RC/2526/02/00678","2026-03-10","SHAH NARAYAN DAS & CO.","GP-01-10",3,2,1
"RDS/006478/25-26","2026-03-11","RUPDARSHI DESIGNS PRIVATE LIMITED","SRS/RDWH328",4,3,1
"RDS/006479/25-26","2026-03-10","RUPDARSHI DESIGNS PRIVATE LIMITED","DIS34",3,2,1
"RSP/006253/25-26","2026-03-11","REGARDS SAREES PVT LTD","TP20",6,5,1
"S786","2026-03-07","NIRJA HANDICRAFT ","19",2,1,1
"S786","2026-03-07","NIRJA HANDICRAFT ","16-01",3,2,1
"S786","2026-03-07","NIRJA HANDICRAFT ","14",1,0,1
"S790","2026-03-07","NIRJA HANDICRAFT ","14",4,3,1
"S790","2026-03-07","NIRJA HANDICRAFT ","13",4,3,1
"S790","2026-03-07","NIRJA HANDICRAFT ","12",2,1,1
"S790","2026-03-07","NIRJA HANDICRAFT ","11",2,1,1
"SB8097/25-26","2026-03-07","BOOM JNS PVT LTD","24058",10,9,1
"SB8423/25-26","2026-03-13","BOOM JNS PVT LTD","24058-3",8,7,1
"SC/25-26/5663","2026-03-02","SANGEETA CREATIONS","2048",1,0,1
"SC/25-26/5663","2026-03-02","SANGEETA CREATIONS","2107",1,0,1
"SE/005360/25-26","2026-03-06","STRAAVI ENSEMBLES PRIVATE LIMITED","036-6656",2,1,1
"SE/005371/25-26","2026-02-28","STRAAVI ENSEMBLES PRIVATE LIMITED","005-6941",1,0,1
"SE/005379/25-26","2026-03-07","STRAAVI ENSEMBLES PRIVATE LIMITED","035-0639",3,2,1
"ST-0184","2026-04-28","SATYA DESIGNS PVT. LTD.","SAK-3825",1,0,1
"TI/25-26/00401","2026-03-11","REYAANS ","205-B",2,1,1
"TI/25-26/00401","2026-03-11","REYAANS ","205",2,1,1
"TN/25-26/6426","2026-03-02","TANKHI DESIGNS 1 PVT LTD","5225",1,0,1
"TN/25-26/6426","2026-03-02","TANKHI DESIGNS 1 PVT LTD","642",1,0,1
"USP/2598/25-26","2026-03-06","URVASHI SAREES PVT LTD","UV2",6,5,1
"UVFPL/25-26/2042","2026-04-25","UTKRISHT VATIKA FASHIONS PVT. LTD.","0677-02",2,1,1
"UVFPL/25-26/2042","2026-04-25","UTKRISHT VATIKA FASHIONS PVT. LTD.","0677",2,1,1
"UVFPL/25-262043","2026-04-25","UTKRISHT VATIKA FASHIONS PVT. LTD.","0701-02",2,1,1
"UVFPL/25-262043","2026-04-25","UTKRISHT VATIKA FASHIONS PVT. LTD.","0701",2,1,1
"UVFPL/25-262043","2026-04-25","UTKRISHT VATIKA FASHIONS PVT. LTD.","0594",4,3,1
"UVFPL/25-262043","2026-04-25","UTKRISHT VATIKA FASHIONS PVT. LTD.","0592",5,4,1
"UVFPL/25-262043","2026-04-25","UTKRISHT VATIKA FASHIONS PVT. LTD.","0594-02",2,1,1
"UVFPL/25-262043","2026-04-25","UTKRISHT VATIKA FASHIONS PVT. LTD.","0654",5,4,1
"VE1722/25-26","2026-03-09","VIRA ENTERPRISES","3008-B",4,3,1
"000698","2026-02-28","ESSENCE COLLECTION PVT LTD","DS-601 YL",2,3,-1
"1640/25-26","2026-03-09","OJAS COUTURE LLP","MNM130",3,4,-1
"1760/25-26","2026-03-11","JAMNADAS BECHARDAS & SONS","4",1,2,-1
"20-2627","2026-04-02","VIMAL CREATION","23-RED",1,2,-1
"20-2627","2026-04-02","VIMAL CREATION","71-PINK",1,2,-1
"20-2627","2026-04-02","VIMAL CREATION","39-RED",1,2,-1
"20-2627","2026-04-02","VIMAL CREATION","49-RANI",1,2,-1
"20-2627","2026-04-02","VIMAL CREATION","70-RED",1,2,-1
"2011","2026-03-13","KUTCH BANDHEJ-NX","2/1",1,2,-1
"2011","2026-03-13","KUTCH BANDHEJ-NX","3/1",1,2,-1
"2011","2026-03-13","KUTCH BANDHEJ-NX","6/1",1,2,-1
"2023","2026-03-13","KUTCH BANDHEJ-NX","4/1",1,2,-1
"2026-27/0025","2026-04-06","RAJNIGANDDHA ","NO-8250",1,2,-1
"242","2026-05-11","MAIDENS CREATION","6475",1,2,-1
"242","2026-05-11","MAIDENS CREATION","6358",1,2,-1
"25-26/1505","2026-03-10","SHREE VISHWANATH SAREES PVT LTD","25165",1,2,-1
"25-26/1505","2026-03-10","SHREE VISHWANATH SAREES PVT LTD","25175",1,2,-1
"25-26/1505","2026-03-10","SHREE VISHWANATH SAREES PVT LTD","25126",1,2,-1
"25-26/1505","2026-03-10","SHREE VISHWANATH SAREES PVT LTD","25179",1,2,-1
"25-26/3310","2026-03-14","TULIPS ","P-2896-G",1,2,-1
"25-26/3310","2026-03-14","TULIPS ","P-3012-GY",1,2,-1
"25-26/3310","2026-03-14","TULIPS ","P-2896-R",1,2,-1
"25-26/3310","2026-03-14","TULIPS ","P-3012-P",1,2,-1
"25-26/3310","2026-03-14","TULIPS ","P-2896-P",1,2,-1
"25-26/3310","2026-03-14","TULIPS ","P-2911-P",1,2,-1
"25-26/3310","2026-03-14","TULIPS ","P-2977-B",1,2,-1
"25-26/3310","2026-03-14","TULIPS ","P-2977-W",1,2,-1
"25-26/3310","2026-03-14","TULIPS ","P-3012-GR",1,2,-1
"25-26/3310","2026-03-14","TULIPS ","P-2911-B",1,2,-1
"25-26/3310","2026-03-14","TULIPS ","P-2980-G",1,2,-1
"25-26/5473","2026-03-10","BHAGWAN HANDLOOM HOUSE","1091D-14017",1,2,-1
"265","2026-05-09","MAIDENS CREATION","6369-3",1,2,-1
"283/25-26","2026-03-08","ANAAYA CREATIONS","225K",1,2,-1
"283/25-26","2026-03-08","ANAAYA CREATIONS","225",2,3,-1
"3431","2026-03-08","UMMED SAREE CENTRE NX","7/4",3,4,-1
"496/2025-26","2026-03-07","PRABHA TRADERS SILK SAREES PVT LTD","4309",1,2,-1
"5084","2026-03-05","MAIDENS CREATION","DES-6054",1,2,-1
"5407","2026-03-04","MAIDENS CREATION","DES 6276",1,2,-1
"5407","2026-03-04","MAIDENS CREATION","DES 6369",3,4,-1
"5407","2026-03-04","MAIDENS CREATION","DES 6392",1,2,-1
"5407","2026-03-04","MAIDENS CREATION","DES 6193",1,2,-1
"5407","2026-03-04","MAIDENS CREATION","DES 6322",1,2,-1
"5513","2026-03-07","MAIDENS CREATION","DES-6206",2,3,-1
"5513","2026-03-07","MAIDENS CREATION","DES-6410",2,3,-1
"5513","2026-03-07","MAIDENS CREATION","DES-6060",2,3,-1
"63/26-27","2026-05-05","AARI","6905-B",1,2,-1
"642","2026-03-21","MAHARAJA CLOTHING COMPANY","3109-B",3,4,-1
"DC/25-26/5839","2026-03-20","DIYA CREATION","DC-251009",1,2,-1
"F-55","2026-04-16","RUDRAKSH","S-3503",3,4,-1
"FY25-26/3313","2026-03-09","RUCHIKA DESIGN STUDIO","1-C828",1,2,-1
"FY25-26/3313","2026-03-09","RUCHIKA DESIGN STUDIO","2-C987",1,2,-1
"FY25-26/3313","2026-03-09","RUCHIKA DESIGN STUDIO","3-C988",1,2,-1
"GST-02054-25-26","2026-03-13","M/S ADISHAKTI CREATIONS ","9/4",4,5,-1
"GST-02054-25-26","2026-03-13","M/S ADISHAKTI CREATIONS ","12/6",6,7,-1
"GST-02054-25-26","2026-03-13","M/S ADISHAKTI CREATIONS ","7/3",3,4,-1
"KANWS25-26-06590","2026-03-06","KANCHANA","14969",1,2,-1
"KANWS25-26-06590","2026-03-06","KANCHANA","18604",2,3,-1
"KANWS25-26-06607","2026-03-05","KANCHANA","21208",1,2,-1
"MSK/2244/2025-26","2026-03-14","MEHRA SAREE KENDRA ","1733 gr",1,2,-1
"MSK/2244/2025-26","2026-03-14","MEHRA SAREE KENDRA ","3107 y",1,2,-1
"MSK/2244/2025-26","2026-03-14","MEHRA SAREE KENDRA ","2897",1,2,-1
"RC/2526/02/00678","2026-03-10","SHAH NARAYAN DAS & CO.","IA-1-5",2,3,-1
"S/0219","2026-04-28","TULIPS ","E-25-02",1,2,-1
"S790","2026-03-07","NIRJA HANDICRAFT ","18",1,2,-1
"S790","2026-03-07","NIRJA HANDICRAFT ","15",1,2,-1
"S790","2026-03-07","NIRJA HANDICRAFT ","16",1,2,-1
"SB8097/25-26","2026-03-07","BOOM JNS PVT LTD","84664-05",1,2,-1
"SE/005367/25-26","2026-02-25","STRAAVI ENSEMBLES PRIVATE LIMITED","7198",1,2,-1
"SE/005375/25-26","2026-03-07","STRAAVI ENSEMBLES PRIVATE LIMITED","035-6929",2,3,-1
"SS1999","2026-03-07","SATYA DESIGNS PVT. LTD.","SAK-3825",7,8,-1
"ST-0081","2026-04-21","SATYA DESIGNS PVT. LTD.","SFD-621",1,2,-1
"ST0239","2026-05-08","SATYA DESIGNS PVT. LTD.","SAK-3891-B",1,2,-1
"ST0239","2026-05-08","SATYA DESIGNS PVT. LTD.","SFD-460",3,4,-1
"UVFPL/25-262043","2026-04-25","UTKRISHT VATIKA FASHIONS PVT. LTD.","0404",1,2,-1
"VE1722/25-26","2026-03-09","VIRA ENTERPRISES","6059-B",1,2,-1
"VE1789/25-26","2026-03-18","VIRA ENTERPRISES","HA-6081",1,2,-1
"VI/000895/25-26","2026-02-28","VAANII","L-922D",1,2,-1
"000698","2026-02-28","ESSENCE COLLECTION PVT LTD","KS-631 PK",5,7,-2
"000698","2026-02-28","ESSENCE COLLECTION PVT LTD","KW-639 G",5,7,-2
"000698","2026-02-28","ESSENCE COLLECTION PVT LTD","KS-631 YL",5,7,-2
"000698","2026-02-28","ESSENCE COLLECTION PVT LTD","KW-2511-PL P",5,7,-2
"11789","2026-03-06","SADBHAVANA ENTERPRISES","2612",5,7,-2
"11789","2026-03-06","SADBHAVANA ENTERPRISES","4011",4,6,-2
"11941","2026-03-06","SADBHAVANA ENTERPRISES","75",2,4,-2
"11941","2026-03-06","SADBHAVANA ENTERPRISES","24",2,4,-2
"11941","2026-03-06","SADBHAVANA ENTERPRISES","99",2,4,-2
"1640/25-26","2026-03-09","OJAS COUTURE LLP","KP321",3,5,-2
"1640/25-26","2026-03-09","OJAS COUTURE LLP","KP327",3,5,-2
"1640/25-26","2026-03-09","OJAS COUTURE LLP","MNM162",3,5,-2
"1640/25-26","2026-03-09","OJAS COUTURE LLP","KP380",3,5,-2
"2141","2026-03-12","GUNJAN BINANI","D-799",2,4,-2
"239","2026-04-23","AARI","16472",8,10,-2
"25-26/1505","2026-03-10","SHREE VISHWANATH SAREES PVT LTD","25112",2,4,-2
"25-26/3481","2026-03-16","TULIPS ","E-88",5,7,-2
"25-26/3481","2026-03-16","TULIPS ","E-89",3,5,-2
"5407","2026-03-04","MAIDENS CREATION","DES 6298",2,4,-2
"5407","2026-03-04","MAIDENS CREATION","DES 6345",2,4,-2
"63/26-27","2026-05-05","AARI","6905",4,6,-2
"73/26-27","2026-04-21","SHAASHVAT DESIGN STUDIO","1851-G",2,4,-2
"73/26-27","2026-04-21","SHAASHVAT DESIGN STUDIO","1851-P",1,3,-2
"737","2026-03-07","MOI CREATION","1977",5,7,-2
"737","2026-03-07","MOI CREATION","1998",5,7,-2
"AH/008527/25-26","2026-03-02","AASHIRVAD HERITAGE PVT LTD","335-2038",4,6,-2
"GFD/25-26/0144","2026-03-10","G & D FASHIONS ","823",8,10,-2
"GPOSI25-26/16336","2026-02-28","ONAYA FASHION PVT LTD","SP1681",1,3,-2
"KANWS25-26-06593","2026-03-06","KANCHANA","16229",2,4,-2
"LV/009894/25-26","2026-03-05","LA VESTA ","S151-445",8,10,-2
"RD/009158/25-26","2026-03-10","RUPDARSHI HERITAGE PVT LTD","TW-032C",8,10,-2
"RDS/006476/25-26","2026-03-07","RUPDARSHI DESIGNS PRIVATE LIMITED","KFS58",3,5,-2
"RDS/006476/25-26","2026-03-07","RUPDARSHI DESIGNS PRIVATE LIMITED","VTA36",4,6,-2
"SE/005367/25-26","2026-02-25","STRAAVI ENSEMBLES PRIVATE LIMITED","7197",2,4,-2
"SE/005367/25-26","2026-02-25","STRAAVI ENSEMBLES PRIVATE LIMITED","7377",2,4,-2
"SE/005367/25-26","2026-02-25","STRAAVI ENSEMBLES PRIVATE LIMITED","7196",2,4,-2
"SE/005367/25-26","2026-02-25","STRAAVI ENSEMBLES PRIVATE LIMITED","1718",2,4,-2
"TI/25-26/00529","2026-04-07","REYAANS ","CCRS/25/02",2,4,-2
"TN/25-26/6662","2026-03-13","TANKHI DESIGNS 1 PVT LTD","3883",2,4,-2
"TN/25-26/6662","2026-03-13","TANKHI DESIGNS 1 PVT LTD","3886A",2,4,-2
"VE1722/25-26","2026-03-09","VIRA ENTERPRISES","3008",3,5,-2
"WH/2025-26/608","2026-04-27","WARIS HOUSE OF FASHION","SLC-03-BLUE",1,3,-2
"1816","2026-04-07","SAVI APPARELS","4017/A",3,6,-3
"1816","2026-04-07","SAVI APPARELS","4035",3,6,-3
"5407","2026-03-04","MAIDENS CREATION","DES 6352",1,4,-3
"5407","2026-03-04","MAIDENS CREATION","DES 6400",3,6,-3
"5407","2026-03-04","MAIDENS CREATION","DES 6458",1,4,-3
"5407","2026-03-04","MAIDENS CREATION","DES 6375",3,6,-3
"5407","2026-03-04","MAIDENS CREATION","DES 6404",4,7,-3
"RDS/006476/25-26","2026-03-07","RUPDARSHI DESIGNS PRIVATE LIMITED","VTA87",3,6,-3
"RDS/006476/25-26","2026-03-07","RUPDARSHI DESIGNS PRIVATE LIMITED","VTA173",3,6,-3
"000698","2026-02-28","ESSENCE COLLECTION PVT LTD","KS-611 YL",5,9,-4
"000698","2026-02-28","ESSENCE COLLECTION PVT LTD","KS-602 BR",5,9,-4
"000698","2026-02-28","ESSENCE COLLECTION PVT LTD","KS-602 WH",5,9,-4
"234564","2026-03-05","V NARBHERAM & CO","9717",1,5,-4
"25-26/3430","2026-03-16","TULIPS ","E-104",5,9,-4
"5407","2026-03-04","MAIDENS CREATION","DES 6054",1,5,-4
"5407","2026-03-04","MAIDENS CREATION","DES 6386",2,6,-4
"RDS/006476/25-26","2026-03-07","RUPDARSHI DESIGNS PRIVATE LIMITED","S-BH86",4,8,-4
"RDS/006476/25-26","2026-03-07","RUPDARSHI DESIGNS PRIVATE LIMITED","VTA34",4,8,-4
"RDS/006476/25-26","2026-03-07","RUPDARSHI DESIGNS PRIVATE LIMITED","VTA33",5,9,-4
"USP/2601/25-26","2026-03-06","URVASHI SAREES PVT LTD","UV3A 1197",1,5,-4
"124/MYMH/25-26","2026-03-08","MYST DESIGNS","109-02",1,6,-5
"124/MYMH/25-26","2026-03-08","MYST DESIGNS","114",1,6,-5
"124/MYMH/25-26","2026-03-08","MYST DESIGNS","111",1,6,-5
"588","2026-03-06","MAHARAJA CLOTHING COMPANY","MARIGOLD-3072",3,8,-5
"SB8097/25-26","2026-03-07","BOOM JNS PVT LTD","85965",5,10,-5
"SB8097/25-26","2026-03-07","BOOM JNS PVT LTD","85801",5,10,-5
"SB8097/25-26","2026-03-07","BOOM JNS PVT LTD","84664 -05",3,8,-5
"3431","2026-03-08","UMMED SAREE CENTRE NX","5/2",2,8,-6
"A01213","2026-03-07","ANANTA EXPORTS","ORT-211",4,11,-7
"634","2026-03-11","STYLUXE APPAREL","LK165",9,17,-8
"2025-2026/789","2026-03-11","JAMIL BANDHEJ SAREE","1A",8,18,-10
"SS1999","2026-03-07","SATYA DESIGNS PVT. LTD.","LKS-014K",6,18,-12
"124/MYMH/25-26","2026-03-08","MYST DESIGNS","111-A",5,18,-13
"SB8097/25-26","2026-03-07","BOOM JNS PVT LTD","87491",5,18,-13
"5407","2026-03-04","MAIDENS CREATION","DES 6273",3,17,-14
"SB8097/25-26","2026-03-07","BOOM JNS PVT LTD","24058-02",10,35,-25
"SB8097/25-26","2026-03-07","BOOM JNS PVT LTD","87115",5,31,-26
"SB8097/25-26","2026-03-07","BOOM JNS PVT LTD","85724",5,33,-28
