"Design Number","Vendor Name","Barcodes List","Purchase Invoices List","Sales Invoices List","Exists in Master","Purchase Quantity","Purchase Invoices Count","Purchase Return Quantity","Sales Quantity","Sales Invoices Count","Sales Return Quantity","Available Stock","Total Printed Stock","Total Barcodes Count","Safety Category","Action Recommended"
"005-6914","STRAAVI ENSEMBLES PRIVATE LIMITED","00000907","","",TRUE,0,0,0,0,0,0,1,1,1,ORPHAN_WITH_STOCK,"Delete (Simulation): Has physical stock/printed barcodes but no purchase record"
"035-7050 01","STRAAVI ENSEMBLES PRIVATE LIMITED","00000844","","INV2026000003",TRUE,0,0,0,1,1,0,0,1,1,ORPHAN_WITH_SALES,"Delete (Simulation): Sold but lacks purchase invoice in database"
"1-BROWN","CHIC BY GAURI","00007544, 00007547","","INV2627000620, INV2627000701, INV2627000774",TRUE,0,0,0,3,3,0,2,4,2,ORPHAN_WITH_SALES,"Delete (Simulation): Sold but lacks purchase invoice in database"
"1/2-BS","KUTCH BANDHEJ-NX","","","",TRUE,0,0,0,0,0,0,0,0,0,SAFE_TO_DELETE_IDLE,"Delete (Simulation): No purchases, returns, sales, or stock"
"100","MYST DESIGNS","00003166, 00003167, 00003168, 00003169","","",TRUE,0,0,0,0,0,0,4,4,4,ORPHAN_WITH_STOCK,"Delete (Simulation): Has physical stock/printed barcodes but no purchase record"
"1075","MAHARAJA CLOTHING COMPANY","00006979, 00006980, 00006981, 00006982, 00006983","","",TRUE,0,0,0,0,0,0,5,5,5,ORPHAN_WITH_STOCK,"Delete (Simulation): Has physical stock/printed barcodes but no purchase record"
"110-03","MYST DESIGNS","00003216, 00003217, 00003218, 00003219, 00003220","","INV2026000370, INV2627000365",TRUE,0,0,0,2,2,0,3,5,5,ORPHAN_WITH_SALES,"Delete (Simulation): Sold but lacks purchase invoice in database"
"112D-45 ","AASHIRVAD HERITAGE PVT LTD","00001068","","",TRUE,0,0,0,0,0,0,3,3,1,ORPHAN_WITH_STOCK,"Delete (Simulation): Has physical stock/printed barcodes but no purchase record"
"1144-BLUE","H&H","00007604, 00007605, 00007606, 00007607","","",TRUE,0,0,0,0,0,0,4,4,4,ORPHAN_WITH_STOCK,"Delete (Simulation): Has physical stock/printed barcodes but no purchase record"
"1144-WINE","H&H","00007608, 00007609, 00007610, 00007611","","",TRUE,0,0,0,0,0,0,4,4,4,ORPHAN_WITH_STOCK,"Delete (Simulation): Has physical stock/printed barcodes but no purchase record"
"1152 DARKNAT-B","H&H","00006561","","",TRUE,0,0,0,0,0,0,1,1,1,ORPHAN_WITH_STOCK,"Delete (Simulation): Has physical stock/printed barcodes but no purchase record"
"1861 GN","SHAASHVAT DESIGN STUDIO","","","",TRUE,0,0,0,0,0,0,0,0,0,SAFE_TO_DELETE_IDLE,"Delete (Simulation): No purchases, returns, sales, or stock"
"1861 PK","SHAASHVAT DESIGN STUDIO","","","",TRUE,0,0,0,0,0,0,0,0,0,SAFE_TO_DELETE_IDLE,"Delete (Simulation): No purchases, returns, sales, or stock"
"1879","MOI CREATION","00001404, 00001405, 00001406, 00001407, 00001408","","INV2026000365, INV2627000402",TRUE,0,0,0,2,2,0,3,5,5,ORPHAN_WITH_SALES,"Delete (Simulation): Sold but lacks purchase invoice in database"
"2-BROWN","CHIC BY GAURI","00007550, 00007553","","INV2627000787",TRUE,0,0,0,2,1,0,1,2,2,ORPHAN_WITH_SALES,"Delete (Simulation): Sold but lacks purchase invoice in database"
"2/1 -BS","KUTCH BANDHEJ-NX","","","",TRUE,0,0,0,0,0,0,0,0,0,SAFE_TO_DELETE_IDLE,"Delete (Simulation): No purchases, returns, sales, or stock"
"2002 GN","SHAASHVAT DESIGN STUDIO","","","",TRUE,0,0,0,0,0,0,0,0,0,SAFE_TO_DELETE_IDLE,"Delete (Simulation): No purchases, returns, sales, or stock"
"2027","MAHARAJA CLOTHING COMPANY","00006970, 00006971, 00006972, 00006973, 00006974","","",TRUE,0,0,0,0,0,0,5,5,5,ORPHAN_WITH_STOCK,"Delete (Simulation): Has physical stock/printed barcodes but no purchase record"
"2028 XL","SHAASHVAT DESIGN STUDIO","","","",TRUE,0,0,0,0,0,0,0,0,0,SAFE_TO_DELETE_IDLE,"Delete (Simulation): No purchases, returns, sales, or stock"
"2043 XL","SHAASHVAT DESIGN STUDIO","","","",TRUE,0,0,0,0,0,0,0,0,0,SAFE_TO_DELETE_IDLE,"Delete (Simulation): No purchases, returns, sales, or stock"
"2048 ","SANGEETA CREATIONS","00000954","","INV2627001028",TRUE,0,0,0,1,1,0,0,1,1,ORPHAN_WITH_SALES,"Delete (Simulation): Sold but lacks purchase invoice in database"
"2107 ","SANGEETA CREATIONS","00000953","","",TRUE,0,0,0,0,0,0,1,1,1,ORPHAN_WITH_STOCK,"Delete (Simulation): Has physical stock/printed barcodes but no purchase record"
"2345","AASHI DESIGNS","","","",TRUE,0,0,0,0,0,0,0,0,0,SAFE_TO_DELETE_IDLE,"Delete (Simulation): No purchases, returns, sales, or stock"
"2497-Y","MEHRA SAREE KENDRA ","00005495","","",TRUE,0,0,0,0,0,0,1,1,1,ORPHAN_WITH_STOCK,"Delete (Simulation): Has physical stock/printed barcodes but no purchase record"
"2836 XL","SHAASHVAT DESIGN STUDIO","","","",TRUE,0,0,0,0,0,0,0,0,0,SAFE_TO_DELETE_IDLE,"Delete (Simulation): No purchases, returns, sales, or stock"
"3023-B","MAHARAJA CLOTHING COMPANY","00006984, 00006985, 00006986, 00006987","","",TRUE,0,0,0,0,0,0,4,4,4,ORPHAN_WITH_STOCK,"Delete (Simulation): Has physical stock/printed barcodes but no purchase record"
"3023-C","MAHARAJA CLOTHING COMPANY","00006988, 00006989, 00006990, 00006991","","",TRUE,0,0,0,0,0,0,4,4,4,ORPHAN_WITH_STOCK,"Delete (Simulation): Has physical stock/printed barcodes but no purchase record"
"3109","MAHARAJA CLOTHING COMPANY","00006359, 00006360","","",TRUE,0,0,0,0,0,0,2,2,2,ORPHAN_WITH_STOCK,"Delete (Simulation): Has physical stock/printed barcodes but no purchase record"
"3109-2","MAHARAJA CLOTHING COMPANY","00006361","","",TRUE,0,0,0,0,0,0,1,1,1,ORPHAN_WITH_STOCK,"Delete (Simulation): Has physical stock/printed barcodes but no purchase record"
"3109-3","MAHARAJA CLOTHING COMPANY","00006362, 00006363, 00006364","","",TRUE,0,0,0,0,0,0,3,3,3,ORPHAN_WITH_STOCK,"Delete (Simulation): Has physical stock/printed barcodes but no purchase record"
"3111","SONA AGRAWAL","00007854","","",TRUE,0,0,0,0,0,0,1,1,1,ORPHAN_WITH_STOCK,"Delete (Simulation): Has physical stock/printed barcodes but no purchase record"
"3118","MAHARAJA CLOTHING COMPANY","00006975, 00006976, 00006977, 00006978","","",TRUE,0,0,0,0,0,0,4,4,4,ORPHAN_WITH_STOCK,"Delete (Simulation): Has physical stock/printed barcodes but no purchase record"
"36-D","HANDLOOM HANDICRAFT CENTRE","","","",TRUE,0,0,0,0,0,0,0,0,0,SAFE_TO_DELETE_IDLE,"Delete (Simulation): No purchases, returns, sales, or stock"
"3669-02","MAIDENS CREATION","00009510","","",TRUE,0,0,0,0,0,0,1,1,1,ORPHAN_WITH_STOCK,"Delete (Simulation): Has physical stock/printed barcodes but no purchase record"
"38- F","HANDLOOM HANDICRAFT CENTRE","","","",TRUE,0,0,0,0,0,0,0,0,0,SAFE_TO_DELETE_IDLE,"Delete (Simulation): No purchases, returns, sales, or stock"
"620218","LINEN AND LINENS PVT LTD","00009603, 00009604, 00009605, 00009606, 00009607","","",TRUE,0,0,0,0,0,0,5,5,5,ORPHAN_WITH_STOCK,"Delete (Simulation): Has physical stock/printed barcodes but no purchase record"
"7077 M","MASHOOQA(22-25)","","","",TRUE,0,0,0,0,0,0,0,0,0,SAFE_TO_DELETE_IDLE,"Delete (Simulation): No purchases, returns, sales, or stock"
"813-MAROON","G & D FASHIONS ","","","",TRUE,0,0,0,0,0,0,0,0,0,SAFE_TO_DELETE_IDLE,"Delete (Simulation): No purchases, returns, sales, or stock"
"813-ORANGE","G & D FASHIONS ","","","",TRUE,0,0,0,0,0,0,0,0,0,SAFE_TO_DELETE_IDLE,"Delete (Simulation): No purchases, returns, sales, or stock"
"813-PURPLE","G & D FASHIONS ","","","",TRUE,0,0,0,0,0,0,0,0,0,SAFE_TO_DELETE_IDLE,"Delete (Simulation): No purchases, returns, sales, or stock"
"813-PURPLE-02","G & D FASHIONS ","","","",TRUE,0,0,0,0,0,0,0,0,0,SAFE_TO_DELETE_IDLE,"Delete (Simulation): No purchases, returns, sales, or stock"
"816-PURPLE","G & D FASHIONS ","","","",TRUE,0,0,0,0,0,0,0,0,0,SAFE_TO_DELETE_IDLE,"Delete (Simulation): No purchases, returns, sales, or stock"
"823-GREEN","G & D FASHIONS ","","","",TRUE,0,0,0,0,0,0,0,0,0,SAFE_TO_DELETE_IDLE,"Delete (Simulation): No purchases, returns, sales, or stock"
"8351-R01","SWEET LADY","","","",TRUE,0,0,0,0,0,0,0,0,0,SAFE_TO_DELETE_IDLE,"Delete (Simulation): No purchases, returns, sales, or stock"
"836-GREEN","G & D FASHIONS ","","","",TRUE,0,0,0,0,0,0,0,0,0,SAFE_TO_DELETE_IDLE,"Delete (Simulation): No purchases, returns, sales, or stock"
"8371R","SWEET LADY","","","",TRUE,0,0,0,0,0,0,0,0,0,SAFE_TO_DELETE_IDLE,"Delete (Simulation): No purchases, returns, sales, or stock"
"86941","BOOM JNS PVT LTD","00008218, 00008219, 00008220, 00008221, 00008222","","",TRUE,0,0,0,0,0,0,5,5,5,ORPHAN_WITH_STOCK,"Delete (Simulation): Has physical stock/printed barcodes but no purchase record"
"86952","BOOM JNS PVT LTD","00008239, 00008240, 00008241, 00008242, 00008243","","",TRUE,0,0,0,0,0,0,5,5,5,ORPHAN_WITH_STOCK,"Delete (Simulation): Has physical stock/printed barcodes but no purchase record"
"87493-B","BOOM JNS PVT LTD","00008894","","",TRUE,0,0,0,0,0,0,1,1,1,ORPHAN_WITH_STOCK,"Delete (Simulation): Has physical stock/printed barcodes but no purchase record"
"AKR-4284 ","DEV DARSHAN DESIGNS PVT LTD","00000988","","",TRUE,0,0,0,0,0,0,2,2,1,ORPHAN_WITH_STOCK,"Delete (Simulation): Has physical stock/printed barcodes but no purchase record"
"AS01","VSB VASTTRAM PVT LTD","","","",TRUE,0,0,0,0,0,0,0,0,0,SAFE_TO_DELETE_IDLE,"Delete (Simulation): No purchases, returns, sales, or stock"
"BR 1765","DEV DARSHAN DESIGNS PVT LTD","00001280","","",TRUE,0,0,0,0,0,0,1,1,1,ORPHAN_WITH_STOCK,"Delete (Simulation): Has physical stock/printed barcodes but no purchase record"
"BR1772","DEV DARSHAN DESIGNS PVT LTD","00001274","","",TRUE,0,0,0,0,0,0,1,1,1,ORPHAN_WITH_STOCK,"Delete (Simulation): Has physical stock/printed barcodes but no purchase record"
"C893","RUCHIKA DESIGN STUDIO","00000368","","",TRUE,0,0,0,0,0,0,1,1,1,ORPHAN_WITH_STOCK,"Delete (Simulation): Has physical stock/printed barcodes but no purchase record"
"CCRS/25/03","REYAANS ","00006010, 00006011","","INV2627000393",TRUE,0,0,0,1,1,0,1,2,2,ORPHAN_WITH_SALES,"Delete (Simulation): Sold but lacks purchase invoice in database"
"CCRS/25/106","REYAANS ","00006937, 00006938, 00006940","","",TRUE,0,0,0,0,0,0,3,3,3,ORPHAN_WITH_STOCK,"Delete (Simulation): Has physical stock/printed barcodes but no purchase record"
"CCRS/25/213","REYAANS ","00006008, 00006009","","",TRUE,0,0,0,0,0,0,2,2,2,ORPHAN_WITH_STOCK,"Delete (Simulation): Has physical stock/printed barcodes but no purchase record"
"DS-1155","ONAYA FASHION PVT LTD","00009676","","",TRUE,0,0,0,0,0,0,1,1,1,ORPHAN_WITH_STOCK,"Delete (Simulation): Has physical stock/printed barcodes but no purchase record"
"DS-601 PK","ESSENCE COLLECTION PVT LTD","","","",TRUE,0,0,0,0,0,0,0,0,0,SAFE_TO_DELETE_IDLE,"Delete (Simulation): No purchases, returns, sales, or stock"
"EMB-108","ESSENCE COLLECTION PVT LTD","00008859","","",TRUE,0,0,0,0,0,0,1,1,1,ORPHAN_WITH_STOCK,"Delete (Simulation): Has physical stock/printed barcodes but no purchase record"
"FGH","LA VESTA ","00005357","","",TRUE,0,0,0,0,0,0,1,1,1,ORPHAN_WITH_STOCK,"Delete (Simulation): Has physical stock/printed barcodes but no purchase record"
"FY-008","NIRMAL CREATIONS","00001038","","",TRUE,0,0,0,0,0,0,1,1,1,ORPHAN_WITH_STOCK,"Delete (Simulation): Has physical stock/printed barcodes but no purchase record"
"I 10067","ISHIKA CREATION","","","",TRUE,0,0,0,0,0,0,0,0,0,SAFE_TO_DELETE_IDLE,"Delete (Simulation): No purchases, returns, sales, or stock"
"ISH 652 W","ISHUM DESIGNS","","","",TRUE,0,0,0,0,0,0,0,0,0,SAFE_TO_DELETE_IDLE,"Delete (Simulation): No purchases, returns, sales, or stock"
"ISH 652B","ISHUM DESIGNS","","","",TRUE,0,0,0,0,0,0,0,0,0,SAFE_TO_DELETE_IDLE,"Delete (Simulation): No purchases, returns, sales, or stock"
"JK-697","NILIMA CREATIONS ","00008521, 00008522, 00008523, 00008524, 00008525, 00008526, 00008527, 00008528","","",TRUE,0,0,0,0,0,0,8,8,8,ORPHAN_WITH_STOCK,"Delete (Simulation): Has physical stock/printed barcodes but no purchase record"
"JK-697-","NILIMA CREATIONS ","00008624, 00008625, 00008626, 00008627","","",TRUE,0,0,0,0,0,0,4,4,4,ORPHAN_WITH_STOCK,"Delete (Simulation): Has physical stock/printed barcodes but no purchase record"
"JS440066","JDS DESIGN STUDIO PRIVATE LIMITED","00000982","","",TRUE,0,0,0,0,0,0,1,1,1,ORPHAN_WITH_STOCK,"Delete (Simulation): Has physical stock/printed barcodes but no purchase record"
"KAN1273","KANCHANA NEXT","","","",TRUE,0,0,0,0,0,0,0,0,0,SAFE_TO_DELETE_IDLE,"Delete (Simulation): No purchases, returns, sales, or stock"
"KT-18-A","ESSENCE COLLECTION PVT LTD","00008855","","",TRUE,0,0,0,0,0,0,1,1,1,ORPHAN_WITH_STOCK,"Delete (Simulation): Has physical stock/printed barcodes but no purchase record"
"KT-18-A-B","ESSENCE COLLECTION PVT LTD","00008856, 00008857","","",TRUE,0,0,0,0,0,0,1,1,2,ORPHAN_WITH_STOCK,"Delete (Simulation): Has physical stock/printed barcodes but no purchase record"
"L-22D","VAANII","","","",TRUE,0,0,0,0,0,0,0,0,0,SAFE_TO_DELETE_IDLE,"Delete (Simulation): No purchases, returns, sales, or stock"
"M-748 ","Manvi &Manik","00000946","","",TRUE,0,0,0,0,0,0,1,1,1,ORPHAN_WITH_STOCK,"Delete (Simulation): Has physical stock/printed barcodes but no purchase record"
"M-772 ","Manvi &Manik","00000949","","",TRUE,0,0,0,0,0,0,1,1,1,ORPHAN_WITH_STOCK,"Delete (Simulation): Has physical stock/printed barcodes but no purchase record"
"NB-10402","SREE NAVKAR BOUTIQUE PVT LTD","","","",TRUE,0,0,0,0,0,0,0,0,0,SAFE_TO_DELETE_IDLE,"Delete (Simulation): No purchases, returns, sales, or stock"
"NB-10486","SREE NAVKAR BOUTIQUE PVT LTD","","","",TRUE,0,0,0,0,0,0,0,0,0,SAFE_TO_DELETE_IDLE,"Delete (Simulation): No purchases, returns, sales, or stock"
"NB-10490","SREE NAVKAR BOUTIQUE PVT LTD","","","",TRUE,0,0,0,0,0,0,0,0,0,SAFE_TO_DELETE_IDLE,"Delete (Simulation): No purchases, returns, sales, or stock"
"NB-10504","SREE NAVKAR BOUTIQUE PVT LTD","","","",TRUE,0,0,0,0,0,0,0,0,0,SAFE_TO_DELETE_IDLE,"Delete (Simulation): No purchases, returns, sales, or stock"
"NB-10564","SREE NAVKAR BOUTIQUE PVT LTD","","","",TRUE,0,0,0,0,0,0,0,0,0,SAFE_TO_DELETE_IDLE,"Delete (Simulation): No purchases, returns, sales, or stock"
"NB-10568","SREE NAVKAR BOUTIQUE PVT LTD","","","",TRUE,0,0,0,0,0,0,0,0,0,SAFE_TO_DELETE_IDLE,"Delete (Simulation): No purchases, returns, sales, or stock"
"NB10493","SREE NAVKAR BOUTIQUE PVT LTD","","","",TRUE,0,0,0,0,0,0,0,0,0,SAFE_TO_DELETE_IDLE,"Delete (Simulation): No purchases, returns, sales, or stock"
"NB10504","SREE NAVKAR BOUTIQUE PVT LTD","","","",TRUE,0,0,0,0,0,0,0,0,0,SAFE_TO_DELETE_IDLE,"Delete (Simulation): No purchases, returns, sales, or stock"
"NB10510","SREE NAVKAR BOUTIQUE PVT LTD","","","",TRUE,0,0,0,0,0,0,0,0,0,SAFE_TO_DELETE_IDLE,"Delete (Simulation): No purchases, returns, sales, or stock"
"NB10580","SREE NAVKAR BOUTIQUE PVT LTD","","","",TRUE,0,0,0,0,0,0,0,0,0,SAFE_TO_DELETE_IDLE,"Delete (Simulation): No purchases, returns, sales, or stock"
"NB10581","SREE NAVKAR BOUTIQUE PVT LTD","","","",TRUE,0,0,0,0,0,0,0,0,0,SAFE_TO_DELETE_IDLE,"Delete (Simulation): No purchases, returns, sales, or stock"
"NB10607","SREE NAVKAR BOUTIQUE PVT LTD","","","",TRUE,0,0,0,0,0,0,0,0,0,SAFE_TO_DELETE_IDLE,"Delete (Simulation): No purchases, returns, sales, or stock"
"OR-006-4FLOOR","SWEET LADY","00008161","","",TRUE,0,0,0,0,0,0,1,1,1,ORPHAN_WITH_STOCK,"Delete (Simulation): Has physical stock/printed barcodes but no purchase record"
"OR-024-B","SRISHTI FASHION","00009457","","",TRUE,0,0,0,0,0,0,1,1,1,ORPHAN_WITH_STOCK,"Delete (Simulation): Has physical stock/printed barcodes but no purchase record"
"OR-026","SWEET LADY","00009609","","",TRUE,0,0,0,0,0,0,1,1,1,ORPHAN_WITH_STOCK,"Delete (Simulation): Has physical stock/printed barcodes but no purchase record"
"OR-23-4TH FLOOR","SHAH STUDIO","00009058","","",TRUE,0,0,0,0,0,0,1,1,1,ORPHAN_WITH_STOCK,"Delete (Simulation): Has physical stock/printed barcodes but no purchase record"
"OR-301","TANKHI DESIGNS 1 PVT LTD","00008158","","",TRUE,0,0,0,0,0,0,1,1,1,ORPHAN_WITH_STOCK,"Delete (Simulation): Has physical stock/printed barcodes but no purchase record"
"OR-311-1ST-FLOOR-B","RAJNIGANDDHA ","00009148","","",TRUE,0,0,0,0,0,0,1,1,1,ORPHAN_WITH_STOCK,"Delete (Simulation): Has physical stock/printed barcodes but no purchase record"
"OR-35-4TH-FLOOR","VSB VASTTRAM PVT LTD","00009539","","",TRUE,0,0,0,0,0,0,1,1,1,ORPHAN_WITH_STOCK,"Delete (Simulation): Has physical stock/printed barcodes but no purchase record"
"OR-810-1ST FLOOR","ONAYA FASHION PVT LTD","00009677","","",TRUE,0,0,0,0,0,0,1,1,1,ORPHAN_WITH_STOCK,"Delete (Simulation): Has physical stock/printed barcodes but no purchase record"
"P-2930-B","FABRICMART LLP ","00005446, 00005460","","",TRUE,0,0,0,0,0,0,2,2,2,ORPHAN_WITH_STOCK,"Delete (Simulation): Has physical stock/printed barcodes but no purchase record"
"S - 3841 XL","RUDRAKSH","","","",TRUE,0,0,0,0,0,0,0,0,0,SAFE_TO_DELETE_IDLE,"Delete (Simulation): No purchases, returns, sales, or stock"
"S 2543","KORA BANARAS","00003331","","",TRUE,0,0,0,0,0,0,2,2,1,ORPHAN_WITH_STOCK,"Delete (Simulation): Has physical stock/printed barcodes but no purchase record"
"SB-4HRG","VADHU VATIKA","00009465","","",TRUE,0,0,0,0,0,0,10,10,1,ORPHAN_WITH_STOCK,"Delete (Simulation): Has physical stock/printed barcodes but no purchase record"
"SC-103 BR","ESSENCE COLLECTION PVT LTD","","","",TRUE,0,0,0,0,0,0,0,0,0,SAFE_TO_DELETE_IDLE,"Delete (Simulation): No purchases, returns, sales, or stock"
"SC-112 BR","ESSENCE COLLECTION PVT LTD","","","",TRUE,0,0,0,0,0,0,0,0,0,SAFE_TO_DELETE_IDLE,"Delete (Simulation): No purchases, returns, sales, or stock"
"SF-30-BLUE","VARIMA FASHIONS PVT LTD","00009316","","",TRUE,0,0,0,0,0,0,1,1,1,ORPHAN_WITH_STOCK,"Delete (Simulation): Has physical stock/printed barcodes but no purchase record"
"SF-30-GREEN","VARIMA FASHIONS PVT LTD","00009317","","",TRUE,0,0,0,0,0,0,1,1,1,ORPHAN_WITH_STOCK,"Delete (Simulation): Has physical stock/printed barcodes but no purchase record"
"SGH-2859R","ONAYA FASHION PVT LTD","00007425","","",TRUE,0,0,0,0,0,0,1,1,1,ORPHAN_WITH_STOCK,"Delete (Simulation): Has physical stock/printed barcodes but no purchase record"
"SN 2384 GD","ISHUM DESIGNS","","","",TRUE,0,0,0,0,0,0,0,0,0,SAFE_TO_DELETE_IDLE,"Delete (Simulation): No purchases, returns, sales, or stock"
"SN 2384 GN","ISHUM DESIGNS","","","",TRUE,0,0,0,0,0,0,0,0,0,SAFE_TO_DELETE_IDLE,"Delete (Simulation): No purchases, returns, sales, or stock"
"SS--15723","ISHUM DESIGNS","00004716, 00004717","","INV2627000092, INV2627000662",TRUE,0,0,0,2,2,0,1,3,2,ORPHAN_WITH_SALES,"Delete (Simulation): Sold but lacks purchase invoice in database"
"SS 15743 GD","ISHUM DESIGNS","","","",TRUE,0,0,0,0,0,0,0,0,0,SAFE_TO_DELETE_IDLE,"Delete (Simulation): No purchases, returns, sales, or stock"
"SS 15743 PK","ISHUM DESIGNS","","","",TRUE,0,0,0,0,0,0,0,0,0,SAFE_TO_DELETE_IDLE,"Delete (Simulation): No purchases, returns, sales, or stock"
"T/584/KKP-933","VARIMA FASHIONS PVT LTD","00007439","","",TRUE,0,0,0,0,0,0,1,1,1,ORPHAN_WITH_STOCK,"Delete (Simulation): Has physical stock/printed barcodes but no purchase record"
"V-11099","RUDRAKSH","00003341","","",TRUE,0,0,0,0,0,0,1,1,1,ORPHAN_WITH_STOCK,"Delete (Simulation): Has physical stock/printed barcodes but no purchase record"
"V-F1095","RUDRAKSH","00003337","","",TRUE,0,0,0,0,0,0,1,1,1,ORPHAN_WITH_STOCK,"Delete (Simulation): Has physical stock/printed barcodes but no purchase record"
"VALW-63","ART LAND ","","","",TRUE,0,0,0,0,0,0,0,0,0,SAFE_TO_DELETE_IDLE,"Delete (Simulation): No purchases, returns, sales, or stock"
"VALW-64","ART LAND ","","","",TRUE,0,0,0,0,0,0,0,0,0,SAFE_TO_DELETE_IDLE,"Delete (Simulation): No purchases, returns, sales, or stock"
"VALW-88","ART LAND ","","","",TRUE,0,0,0,0,0,0,0,0,0,SAFE_TO_DELETE_IDLE,"Delete (Simulation): No purchases, returns, sales, or stock"
"VALW-89","ART LAND ","","","",TRUE,0,0,0,0,0,0,0,0,0,SAFE_TO_DELETE_IDLE,"Delete (Simulation): No purchases, returns, sales, or stock"
"VALW-ANKL-W-AL-12","ART LAND ","","","",TRUE,0,0,0,0,0,0,0,0,0,SAFE_TO_DELETE_IDLE,"Delete (Simulation): No purchases, returns, sales, or stock"
"VALW-ANKL-W-AL-13","ART LAND ","","","",TRUE,0,0,0,0,0,0,0,0,0,SAFE_TO_DELETE_IDLE,"Delete (Simulation): No purchases, returns, sales, or stock"
"VALW-ANKL-W-AL-14","ART LAND ","","","",TRUE,0,0,0,0,0,0,0,0,0,SAFE_TO_DELETE_IDLE,"Delete (Simulation): No purchases, returns, sales, or stock"
"VALW-ANKL-W-AL-15","ART LAND ","","","",TRUE,0,0,0,0,0,0,0,0,0,SAFE_TO_DELETE_IDLE,"Delete (Simulation): No purchases, returns, sales, or stock"
"VALW-GC-W-AL-101","ART LAND ","","","",TRUE,0,0,0,0,0,0,0,0,0,SAFE_TO_DELETE_IDLE,"Delete (Simulation): No purchases, returns, sales, or stock"
"VALW-GC-W-AL-102","ART LAND ","","","",TRUE,0,0,0,0,0,0,0,0,0,SAFE_TO_DELETE_IDLE,"Delete (Simulation): No purchases, returns, sales, or stock"
"VALW-GC-W-AL-138","ART LAND ","","","",TRUE,0,0,0,0,0,0,0,0,0,SAFE_TO_DELETE_IDLE,"Delete (Simulation): No purchases, returns, sales, or stock"
"VALW-GC-W-AL-153","ART LAND ","","","",TRUE,0,0,0,0,0,0,0,0,0,SAFE_TO_DELETE_IDLE,"Delete (Simulation): No purchases, returns, sales, or stock"
"VALW-GC-W-AL-154","ART LAND ","","","",TRUE,0,0,0,0,0,0,0,0,0,SAFE_TO_DELETE_IDLE,"Delete (Simulation): No purchases, returns, sales, or stock"
"VALW-GC-W-AL139","ART LAND ","","","",TRUE,0,0,0,0,0,0,0,0,0,SAFE_TO_DELETE_IDLE,"Delete (Simulation): No purchases, returns, sales, or stock"