Vendor Name,Invoice Number,Design Number,PO Quantity (Billed),Printed Quantity (Physical),Difference (Surplus/Shortage)
"AARI","239","6905",3,0,-3
"AARI","5462/25-26","25441 1",11,8,-3
"AARI","6050/25-26","25434",8,6,-2
"AARI","239","9003",8,6,-2
"AARI","239","9019",8,6,-2
"AARI","239","25431",8,6,-2
"AARI","239","16472",8,10,+2
"AARI","239","9014",8,6,-2
"AARI","63/26-27","K-0878",8,6,-2
"AARI","63/26-27","6905",4,6,+2
"AARI","63/26-27","6899",8,6,-2
"AARI","63/26-27","2629",8,6,-2
"AARI","63/26-27","25420",8,6,-2
"AARI","5593/25-26","16478",9,7,-2
"AARI","5593/25-26","16479",11,9,-2
"AARI","458","9011-A",8,6,-2
"AARI","5656/25-26","16476",8,6,-2
"AARI","5462/25-26","25429 1",11,9,-2
"AARI","5462/25-26","6898 1",10,8,-2
"AARI","5462/25-26","9009 1",10,8,-2
"AARI","5656/25-26","6903 NB",8,6,-2
"AARI","5656/25-26","6906",6,4,-2
"AARI","63/26-27","K-1026",8,6,-2
"AARI","6050/25-26","6899",8,6,-2
"AARI","5593/25-26","6894",8,6,-2
"AARI","239","9013",8,6,-2
"AARI","5656/25-26","9001",7,6,-1
"AARI","5878/25-26","6890-2",3,2,-1
"AARI","5878/25-26","25435",8,7,-1
"AARI","5878/25-26","0897",8,7,-1
"AARI","6216/25-26","K-1025-A",7,6,-1
"AARI","239","6905-B",1,0,-1
"AARI","6050/25-26","6891",8,7,-1
"AARI","6050/25-26","K-1007",8,7,-1
"AARI","5656/25-26","6903",8,7,-1
"AARI","63/26-27","6905-B",1,2,+1
"AASHIRVAD HERITAGE PVT LTD","ED/002853/25-26","DCP1",14,6,-8
"AASHIRVAD HERITAGE PVT LTD","AH/008527/25-26","112D-45 ",0,3,+3
"AASHIRVAD HERITAGE PVT LTD","AH/008527/25-26","335-2038",4,6,+2
"AASHIRVAD HERITAGE PVT LTD","AH/008528/25-26","FF/335/2036",5,4,-1
"AASHIRVAD HERITAGE PVT LTD","AH/008527/25-26","112D-45",6,5,-1
"AGASTYAS (F.Y.-25-26)","GST/25-26/1782","LH 5266",0,1,+1
"AHUJA TEXTILES","AT04709/25-26","US0673",5,4,-1
"ANAAYA CREATIONS","283/25-26","225K",1,2,+1
"ANAAYA CREATIONS","283/25-26","225",2,3,+1
"ANANTA EXPORTS","A01213","ORT-211",4,11,+7
"BHAGWAN HANDLOOM HOUSE","INV/25-26/5471","D14263",2,1,-1
"BHAGWAN HANDLOOM HOUSE","INV/25-26/5471","D13953",3,2,-1
"BHAGWAN HANDLOOM HOUSE","25-26/5473","1091D-14017",1,2,+1
"BHAGWAN HANDLOOM HOUSE","INV/25-26/5472","10836",3,2,-1
"BHAGWAN HANDLOOM HOUSE","INV/25-26/5472","11928",4,3,-1
"BHAGWAN HANDLOOM HOUSE","INV/25-26/5472","12992",3,2,-1
"BOOM JNS PVT LTD","SB8097/25-26","85724",5,33,+28
"BOOM JNS PVT LTD","SB8097/25-26","87115",5,31,+26
"BOOM JNS PVT LTD","SB8097/25-26","24058-02",10,35,+25
"BOOM JNS PVT LTD","SB8097/25-26","87491",5,18,+13
"BOOM JNS PVT LTD","SB-0205","86952",0,5,+5
"BOOM JNS PVT LTD","SB8097/25-26","85965",5,10,+5
"BOOM JNS PVT LTD","SB8097/25-26","85801",5,10,+5
"BOOM JNS PVT LTD","SB8097/25-26","84664 -05",3,8,+5
"BOOM JNS PVT LTD","SB-0205","86941",0,5,+5
"BOOM JNS PVT LTD","SB0667/26-27","87493",0,4,+4
"BOOM JNS PVT LTD","SB-8729/25-26","87492-A",8,5,-3
"BOOM JNS PVT LTD","SB-8729/25-26","24058-A",8,6,-2
"BOOM JNS PVT LTD","SB8423/25-26","24058-5",8,6,-2
"BOOM JNS PVT LTD","SB8423/25-26","24058",8,6,-2
"BOOM JNS PVT LTD","SB8423/25-26","24058-3",8,7,-1
"BOOM JNS PVT LTD","SB8097/25-26","24058",10,9,-1
"BOOM JNS PVT LTD","SB8097/25-26","84664-05",1,2,+1
"BOOM JNS PVT LTD","SB0667/26-27","87493-B",0,1,+1
"CHIC BY GAURI","10/2026-27","1-BROWN",0,4,+4
"CHIC BY GAURI","10/2026-27","1-BROWN-01",6,2,-4
"CHIC BY GAURI","10/2026-27","2-BROWN",0,2,+2
"CHIC BY GAURI","10/2026-27","2-BROWN-01",3,1,-2
"CHIC BY GAURI","24/202-27","135-02",2,1,-1
"CHIC BY GAURI","24/202-27","135",2,1,-1
"DEV DARSHAN DESIGNS PVT LTD","DDD/07542/25-26","AKR-4284 ",0,2,+2
"DEV DARSHAN DESIGNS PVT LTD","DDD/07545/25-26","BR 1765",0,1,+1
"DEV DARSHAN DESIGNS PVT LTD","DDD/07542/25-26","AKR-4284",3,2,-1
"DEV DARSHAN DESIGNS PVT LTD","DDD/07545/25-26","BR1772",0,1,+1
"DIYA CREATION","DC/25-26/5839","DC-251009",1,2,+1
"ESSENCE COLLECTION PVT LTD","000698","KS-602 WH",5,9,+4
"ESSENCE COLLECTION PVT LTD","000698","KS-602 BR",5,9,+4
"ESSENCE COLLECTION PVT LTD","000698","KS-611 YL",5,9,+4
"ESSENCE COLLECTION PVT LTD","000698","KW-2511-PL P",5,7,+2
"ESSENCE COLLECTION PVT LTD","000698","KW-639 G",5,7,+2
"ESSENCE COLLECTION PVT LTD","000698","KS-631 PK",5,7,+2
"ESSENCE COLLECTION PVT LTD","000698","KS-631 YL",5,7,+2
"ESSENCE COLLECTION PVT LTD","000698","DS-601 YL",2,3,+1
"ESSENCE COLLECTION PVT LTD","00077","KT-18-A-B",0,1,+1
"ESSENCE COLLECTION PVT LTD","00077","EMB-108",0,1,+1
"ESSENCE COLLECTION PVT LTD","00077","KT-18-A",0,1,+1
"G & D FASHIONS ","GFD/25-26/0144","823",8,10,+2
"GFIVE DESIGNERS COUTURE PVT.LTD.","GFIVE/2178/25-26","4030",2,1,-1
"GUNJAN BINANI","2141","D-799",2,4,+2
"H&H","12","1144-BLUE",0,4,+4
"H&H","12","1144-WINE",0,4,+4
"H&H","197","1152 DARKNAT-B",0,1,+1
"HANDLOOM EMPORIUM TEXT.PRT.LTD","HETPL/2120","D 1",12,4,-8
"HANDLOOM EMPORIUM TEXT.PRT.LTD","HETPL/2116","COT FEB",12,6,-6
"HANDLOOM EMPORIUM TEXT.PRT.LTD","HETPL/2116","COT FEB 2",13,7,-6
"HANDLOOM EMPORIUM TEXT.PRT.LTD","HETPL/2233","1/7",7,3,-4
"HANDLOOM EMPORIUM TEXT.PRT.LTD","HETPL/2120","D 13",9,5,-4
"HANDLOOM EMPORIUM TEXT.PRT.LTD","HETPL/2233","3/4",4,2,-2
"HANDLOOM EMPORIUM TEXT.PRT.LTD","HETPL/2120","D 10",2,1,-1
"HANDLOOM EMPORIUM TEXT.PRT.LTD","HETPL/2120","D 12",3,2,-1
"HANDLOOM EMPORIUM TEXT.PRT.LTD","HETPL/2120","D 11",3,2,-1
"ISHIKA CREATION","GST/25-26/4116","10067",1,0,-1
"ISHUM DESIGNS","ID/10767/2025-26","IRT/KC/324",6,2,-4
"ISHUM DESIGNS","ID/10689/2025-26","13177",6,3,-3
"ISHUM DESIGNS","ID/10236/2025-26","SS--15723",0,3,+3
"ISHUM DESIGNS","ID/10689/2025-26","13180",4,2,-2
"ISHUM DESIGNS","ID/10689/2025-26","13178",6,4,-2
"ISHUM DESIGNS","ID/10871/2025-26","13179",4,2,-2
"ISHUM DESIGNS","ID/11229/2025-26","13179",4,2,-2
"ISHUM DESIGNS","ID/10767/2025-26","IRT/KC/327",3,2,-1
"ISHUM DESIGNS","ID/11448/2025-26","13182",2,1,-1
"ISHUM DESIGNS","ID/36/2026-27","13181-PEACH",3,2,-1
"ISHUM DESIGNS","ID/36/2026-27","13181- CREAM",3,2,-1
"ISHUM DESIGNS","ID/36/2026-27","13174-SKY BLUE",3,2,-1
"ISHUM DESIGNS","ID/36/2026-27","13174-PEACH",3,2,-1
"ISHUM DESIGNS","ID/36/2026-27","13171-PINK",3,2,-1
"ISHUM DESIGNS","ID/36/2026-27","13171-BLUE",3,2,-1
"ISHUM DESIGNS","ID/10238/2025-26","SS 15743P",3,2,-1
"ISHUM DESIGNS","ID/10238/2025-26","SS 15743G",3,2,-1
"ISHUM DESIGNS","ID/10238/2025-26","SN 2384",3,2,-1
"ISHUM DESIGNS","ID/10238/2025-26","ISH 652",3,2,-1
"ISHUM DESIGNS","232","13177-YL",3,2,-1
"ISHUM DESIGNS","232","13179-PK",3,2,-1
"ISHUM DESIGNS","232","13179-YL",3,2,-1
"ISHUM DESIGNS","232","13180-PK",3,2,-1
"ISHUM DESIGNS","ID/10236/2025-26","OR-315",3,2,-1
"ISHUM DESIGNS","ID/10236/2025-26","13168",3,2,-1
"ISHUM DESIGNS","ID/10236/2025-26","13163",3,2,-1
"ISHUM DESIGNS","ID/10236/2025-26","13161",3,2,-1
"ISHUM DESIGNS","ID/10236/2025-26","13157",3,2,-1
"ISHUM DESIGNS","ID/12315/2025-26","661-BROWN",3,2,-1
"ISHUM DESIGNS","ID/12315/2025-26","661-PEACH",3,2,-1
"ISHUM DESIGNS","ID/10236/2025-26","13156",3,2,-1
"ISHUM DESIGNS","ID/10236/2025-26","13155",3,2,-1
"ISHUM DESIGNS","ID/11062/2025-26","IK-83",6,5,-1
"ISHUM DESIGNS","ID/10399/2025-26","ISH 654 1",3,2,-1
"ISHUM DESIGNS","ID/10399/2025-26","SS 15719",3,2,-1
"ISHUM DESIGNS","ID/10237/2025-26","15714",6,5,-1
"ISHUM DESIGNS","ID/10237/2025-26","13153",1,0,-1
"ISHUM DESIGNS","ID/12141/2025-26","13176-C",3,2,-1
"ISHUM DESIGNS","ID/12141/2025-26","13176-Y",3,2,-1
"ISHUM DESIGNS","ID/12141/2025-26","13185-O",3,2,-1
"ISHUM DESIGNS","ID/12141/2025-26","13185-R",3,2,-1
"ISHUM DESIGNS","ID/10767/2025-26","IRT/KC/332",3,2,-1
"ISHUM DESIGNS","ID/10767/2025-26","IRT/KC/328",3,2,-1
"JAMIL BANDHEJ SAREE","2025-2026/789","1",37,19,-18
"JAMIL BANDHEJ SAREE","2025-2026/789","1A",8,18,+10
"JAMNADAS BECHARDAS & SONS","1762/25-26","2",8,0,-8
"JAMNADAS BECHARDAS & SONS","1762/25-26","1",8,0,-8
"JAMNADAS BECHARDAS & SONS","1753/25-26","3",1,0,-1
"JAMNADAS BECHARDAS & SONS","1752/25-26","3",3,2,-1
"JAMNADAS BECHARDAS & SONS","1760/25-26","4",1,2,+1
"JDS DESIGN STUDIO PRIVATE LIMITED","006345/25-26","EC13-2/3",9,3,-6
"JDS DESIGN STUDIO PRIVATE LIMITED","JS26-006341","EC17",8,6,-2
"JDS DESIGN STUDIO PRIVATE LIMITED","JS26-006344","JS439866",2,1,-1
"JDS DESIGN STUDIO PRIVATE LIMITED","JS26-006340","961SU",3,2,-1
"JDS DESIGN STUDIO PRIVATE LIMITED","JS26-006344","JS440066",0,1,+1
"KANCHANA","KANWS25-26-06593","16229",2,4,+2
"KANCHANA","KANWS25-26-06591","14969",1,0,-1
"KANCHANA","KANWS25-26-06590","18604",2,3,+1
"KANCHANA","KANWS25-26-06607","21208",1,2,+1
"KANCHANA","KANWS25-26/06597","17275",4,3,-1
"KANCHANA","KANWS25-26-06590","14969",1,2,+1
"KANCHANA NEXT","KCNS25-26-000801","KAN12733",2,1,-1
"KORA BANARAS","S/001095/25-26","S 2543",0,2,+2
"KRISHNA COLLECTION","KC/INV/584/25-26","90",2,1,-1
"KRISHNA SUNDRY COTTAGE INDUSTRIES PVT LTD","KL/25-26/4888","144252-18",2,1,-1
"KRISHNA SUNDRY COTTAGE INDUSTRIES PVT LTD","KL/25-26/4888","144241 JJ -14",2,1,-1
"KRISHNA SUNDRY COTTAGE INDUSTRIES PVT LTD","KL/25-26/4888","144241B-11",2,1,-1
"KUTCH BANDHEJ-NX","2014","1/5",5,2,-3
"KUTCH BANDHEJ-NX","2021","4/2",2,0,-2
"KUTCH BANDHEJ-NX","2014","15/4",4,2,-2
"KUTCH BANDHEJ-NX","2011","6/1",1,2,+1
"KUTCH BANDHEJ-NX","2023","2/1",1,0,-1
"KUTCH BANDHEJ-NX","2021","6/1",1,0,-1
"KUTCH BANDHEJ-NX","2011","2/1",1,2,+1
"KUTCH BANDHEJ-NX","2011","3/1",1,2,+1
"KUTCH BANDHEJ-NX","2021","3/1",1,0,-1
"KUTCH BANDHEJ-NX","2023","4/1",1,2,+1
"L P TRADE LINKS","3040","1315 F",2,1,-1
"LA BRODERIE CO.","674/25-26","4264",3,2,-1
"LA VESTA ","LV/009843/25-26","S 151-1213",14,7,-7
"LA VESTA ","LV/010281/25-26","445M",8,5,-3
"LA VESTA ","LV/010404/25-26","445M Y",3,1,-2
"LA VESTA ","LV/009894/25-26","S151-445",8,10,+2
"LA VESTA ","LV/010404/25-26","445 y",2,1,-1
"LA VESTA ","LV/009843/25-26","S151-445",1,0,-1
"LA VESTA ","LV/010314/25-26","FGH",0,1,+1
"LA VESTA ","LV/010492/25-26","LV-US-7714-G",3,2,-1
"LINEN AND LINENS PVT LTD","26356","620218",0,5,+5
"LINEN AND LINENS PVT LTD","21361","240553-A",0,5,+5
"LINEN AND LINENS PVT LTD","26001","260188",6,4,-2
"M. F. CREATION","307","5",5,3,-2
"M. F. CREATION","307","5-B",0,2,+2
"M/S ADISHAKTI CREATIONS ","GST-02054-25-26","1/12",12,5,-7
"M/S ADISHAKTI CREATIONS ","GST-02054-25-26","4/6",6,4,-2
"M/S ADISHAKTI CREATIONS ","GST-02054-25-26","5/6",6,5,-1
"M/S ADISHAKTI CREATIONS ","GST-02054-25-26","9/4",4,5,+1
"M/S ADISHAKTI CREATIONS ","GST-02054-25-26","11/4",4,3,-1
"M/S ADISHAKTI CREATIONS ","GST-02054-25-26","12/6",6,7,+1
"M/S ADISHAKTI CREATIONS ","GST-02054-25-26","7/3",3,4,+1
"MAHARAJA CLOTHING COMPANY","706","2027",0,5,+5
"MAHARAJA CLOTHING COMPANY","588","MARIGOLD-3072",3,8,+5
"MAHARAJA CLOTHING COMPANY","706","1075",0,5,+5
"MAHARAJA CLOTHING COMPANY","706","3023-C",0,4,+4
"MAHARAJA CLOTHING COMPANY","706","3118",0,4,+4
"MAHARAJA CLOTHING COMPANY","706","3023-B",0,4,+4
"MAHARAJA CLOTHING COMPANY","642","3109-3",0,3,+3
"MAHARAJA CLOTHING COMPANY","642","3109",0,2,+2
"MAHARAJA CLOTHING COMPANY","642","3109-2",0,1,+1
"MAHARAJA CLOTHING COMPANY","642","3109-B",3,4,+1
"MAIDENS CREATION","5407","DES 6273",3,17,+14
"MAIDENS CREATION","5407","DES 6386",2,6,+4
"MAIDENS CREATION","5407","DES 6054",1,5,+4
"MAIDENS CREATION","5407","DES 6404",4,7,+3
"MAIDENS CREATION","5407","DES 6375",3,6,+3
"MAIDENS CREATION","5407","DES 6400",3,6,+3
"MAIDENS CREATION","5407","DES 6352",1,4,+3
"MAIDENS CREATION","5407","DES 6458",1,4,+3
"MAIDENS CREATION","5407","DES 6298",2,4,+2
"MAIDENS CREATION","5407","DES-6054",0,2,+2
"MAIDENS CREATION","5407","DES 6498 PK",0,2,+2
"MAIDENS CREATION","5407","DES 6498 GR",0,2,+2
"MAIDENS CREATION","5407","DES 6498 BR",0,2,+2
"MAIDENS CREATION","5407","DES 6377",0,2,+2
"MAIDENS CREATION","5407","DES 6345",2,4,+2
"MAIDENS CREATION","5407","DES 6392",1,2,+1
"MAIDENS CREATION","265","3669-02",0,1,+1
"MAIDENS CREATION","265","6369-3",1,2,+1
"MAIDENS CREATION","265","6404",2,1,-1
"MAIDENS CREATION","110","DES-6060",1,0,-1
"MAIDENS CREATION","110","DES-6206",1,0,-1
"MAIDENS CREATION","110","DES-6410",1,0,-1
"MAIDENS CREATION","5084","DES-6054",1,2,+1
"MAIDENS CREATION","5407","DES 6054-01",0,1,+1
"MAIDENS CREATION","5407","DES 6193",1,2,+1
"MAIDENS CREATION","5407","DES 6276",1,2,+1
"MAIDENS CREATION","5407","DES 6322",1,2,+1
"MAIDENS CREATION","5407","DES 6352-1",0,1,+1
"MAIDENS CREATION","5407","DES 6369",3,4,+1
"MAIDENS CREATION","242","6358",1,2,+1
"MAIDENS CREATION","242","6475",1,2,+1
"MAIDENS CREATION","5513","DES-6060",2,3,+1
"MAIDENS CREATION","5513","DES-6206",2,3,+1
"MAIDENS CREATION","5513","DES-6277",4,3,-1
"MAIDENS CREATION","5513","DES-6410",2,3,+1
"Manvi &Manik","25-26/1388","M-772 ",0,1,+1
"Manvi &Manik","25-26/1388","M-772",1,0,-1
"Manvi &Manik","25-26/1388","M-748 ",0,1,+1
"Manvi &Manik","25-26/1388","M-748",1,0,-1
"MEHRA SAREE KENDRA ","MSK/2208/2025-26","4768",5,3,-2
"MEHRA SAREE KENDRA ","MSK/2208/2025-26","1546",5,3,-2
"MEHRA SAREE KENDRA ","MSK/2208/2025-26","1546-18",3,1,-2
"MEHRA SAREE KENDRA ","MSK/2244/2025-26","2897 Y",3,1,-2
"MEHRA SAREE KENDRA ","MSK/2208/2025-26","1508",4,2,-2
"MEHRA SAREE KENDRA ","MSK/2208/2025-26","4561 ORG",4,2,-2
"MEHRA SAREE KENDRA ","MSK/2244/2025-26","2497-Y",0,1,+1
"MEHRA SAREE KENDRA ","MSK/2208/2025-26","1171 MUL",3,2,-1
"MEHRA SAREE KENDRA ","MSK/2244/2025-26","2897",1,2,+1
"MEHRA SAREE KENDRA ","MSK/2244/2025-26","1733 gr",1,2,+1
"MEHRA SAREE KENDRA ","MSK/2244/2025-26","3107 y",1,2,+1
"MILAN ","2025-26/M/0979","D-12376",14,4,-10
"MOI CREATION","719","1879",0,5,+5
"MOI CREATION","737","1998",5,7,+2
"MOI CREATION","737","1977",5,7,+2
"MYST DESIGNS","124/MYMH/25-26","111-A",5,18,+13
"MYST DESIGNS","124/MYMH/25-26","109-02",1,6,+5
"MYST DESIGNS","124/MYMH/25-26","110-03",0,5,+5
"MYST DESIGNS","124/MYMH/25-26","111",1,6,+5
"MYST DESIGNS","124/MYMH/25-26","114",1,6,+5
"MYST DESIGNS","124/MYMH/25-26","100",0,4,+4
"NEW MODERN CHIKAN","1941","2/5",5,3,-2
"NEW MODERN CHIKAN","1941","16/4",4,2,-2
"NEW MODERN CHIKAN","1941","1/3",3,2,-1
"NILIMA CREATIONS ","NCS/004029/25-26","JK-697",0,8,+8
"NILIMA CREATIONS ","NCS/004029/25-26","JK-697-",0,4,+4
"NILIMA CREATIONS ","NCS/003825/25-26","671",4,2,-2
"NIRJA HANDICRAFT ","S786","11",11,1,-10
"NIRJA HANDICRAFT ","S786","15",7,0,-7
"NIRJA HANDICRAFT ","S786","12",5,1,-4
"NIRJA HANDICRAFT ","S790","1",4,1,-3
"NIRJA HANDICRAFT ","S786","10",3,1,-2
"NIRJA HANDICRAFT ","S786","17",4,2,-2
"NIRJA HANDICRAFT ","S786","2",3,1,-2
"NIRJA HANDICRAFT ","S786","18",2,0,-2
"NIRJA HANDICRAFT ","S786","1",3,1,-2
"NIRJA HANDICRAFT ","S790","15",1,2,+1
"NIRJA HANDICRAFT ","S790","17",0,1,+1
"NIRJA HANDICRAFT ","S790","16",1,2,+1
"NIRJA HANDICRAFT ","S790","14",4,3,-1
"NIRJA HANDICRAFT ","S790","13",4,3,-1
"NIRJA HANDICRAFT ","S790","12",2,1,-1
"NIRJA HANDICRAFT ","S786","13",0,1,+1
"NIRJA HANDICRAFT ","S786","14",1,0,-1
"NIRJA HANDICRAFT ","S786","16-01",3,2,-1
"NIRJA HANDICRAFT ","S786","19",2,1,-1
"NIRJA HANDICRAFT ","S790","11",2,1,-1
"NIRJA HANDICRAFT ","S790","18",1,2,+1
"NIRMAL CREATIONS","NC/009559/25-26","FY-008",0,1,+1
"OJAS COUTURE LLP","1640/25-26","MNM162",3,5,+2
"OJAS COUTURE LLP","1640/25-26","KP380",3,5,+2
"OJAS COUTURE LLP","1640/25-26","KP321",3,5,+2
"OJAS COUTURE LLP","1640/25-26","KP327",3,5,+2
"OJAS COUTURE LLP","1640/25-26","MNM130",3,4,+1
"ONAYA FASHION PVT LTD","GPOSI25-26/16336","SP1681",1,3,+2
"ONAYA FASHION PVT LTD","GPOSI2-27/01799","OR-810-1ST FLOOR",0,1,+1
"ONAYA FASHION PVT LTD","GPOSI2-27/01799","DS-1155",0,1,+1
"ONAYA FASHION PVT LTD","GPOSI26-27/00358","SGH-2859R",0,1,+1
"PRABHA TRADERS SILK SAREES PVT LTD","496/2025-26","4309",1,2,+1
"R.F. DESIGNERS","2627","5586-R",10,9,-1
"RAJNIGANDDHA ","2026-27/0025","NO-8250",1,2,+1
"RAJNIGANDDHA ","2026-27/0109","OR-311-1ST-FLOOR-B",0,1,+1
"REGARDS SAREES PVT LTD","RSP/006253/25-26","TP20",6,5,-1
"REYAANS ","TI/25-26/00529","CCRS/25/106",0,3,+3
"REYAANS ","TI/25-26/00488","CCRS/25/03",0,2,+2
"REYAANS ","TI/25-26/00488","CCRS/25/213",0,2,+2
"REYAANS ","TI/25-26/00529","CCRS/25/02",2,4,+2
"REYAANS ","TI/25-26/00401","205",2,1,-1
"REYAANS ","TI/25-26/00401","205-B",2,1,-1
"RUCHIKA DESIGN STUDIO","FY25-26/3313","1-C828",1,2,+1
"RUCHIKA DESIGN STUDIO","FY25-26/3244","C893",0,1,+1
"RUCHIKA DESIGN STUDIO","FY25-26/3313","2-C987",1,2,+1
"RUCHIKA DESIGN STUDIO","FY25-26/3313","3-C988",1,2,+1
"RUDRAKSH","E-2248","V-1085",2,1,-1
"RUDRAKSH","E-2535","V-1076",3,2,-1
"RUDRAKSH","E-2572","1077",2,1,-1
"RUDRAKSH","E-2373","S-3089",3,2,-1
"RUDRAKSH","E-2373","S-3441",3,2,-1
"RUDRAKSH","E-2373","V-1095",3,2,-1
"RUDRAKSH","E-2373","V-11099",0,1,+1
"RUDRAKSH","E-2373","V-F1095",0,1,+1
"RUDRAKSH","F-115","S-3160-02",2,1,-1
"RUDRAKSH","F-115","S-3494",2,1,-1
"RUDRAKSH","F-115","S-3504",2,1,-1
"RUDRAKSH","F-115","S-3523",2,1,-1
"RUDRAKSH","E-2634","V-1087-B",2,1,-1
"RUDRAKSH","E-2634","V-1087-P",2,1,-1
"RUDRAKSH","E-2634","V-1088-G",2,1,-1
"RUDRAKSH","E-2634","V-1088-Y",2,1,-1
"RUDRAKSH","E-2179","S-3387",2,1,-1
"RUDRAKSH","F-55","S-3503",3,4,+1
"RUDRAKSH","F-55","S-3502",3,2,-1
"RUDRAKSH","F-55","S-3501",3,2,-1
"RUDRAKSH","F-55","S-3491",3,2,-1
"RUDRAKSH","E-2179","S-3445",2,1,-1
"RUDRAKSH","E-2179","S-3445 ( PURPLE )",2,1,-1
"RUDRAKSH","E-2179","S-3446 (XL)",2,1,-1
"RUDRAKSH","E-2179","S-3450",2,1,-1
"RUDRAKSH","E-2179","V-1021",2,1,-1
"RUDRAKSH","E-2179","V-1098 (XL)",2,1,-1
"RUDRAKSH","E-2695","S-3455",2,1,-1
"RUDRAKSH","E-2695","S-3472",2,1,-1
"RUDRAKSH","E-2695","S-3500",2,1,-1
"RUDRAKSH","E-2695","V-1115-RANI",2,1,-1
"RUDRAKSH","E-2695","V-1115-YELLOW",2,1,-1
"RUDRAKSH","F-175","S-3498",2,1,-1
"RUDRAKSH","F-175","S-3499",2,1,-1
"RUDRAKSH","F-175","V-1094",2,1,-1
"RUDRAKSH","E-2248","S-3481",2,1,-1
"RUPDARSHI DESIGNS PRIVATE LIMITED","RDS/006476/25-26","S-BH86",4,8,+4
"RUPDARSHI DESIGNS PRIVATE LIMITED","RDS/006476/25-26","VTA33",5,9,+4
"RUPDARSHI DESIGNS PRIVATE LIMITED","RDS/006476/25-26","VTA34",4,8,+4
"RUPDARSHI DESIGNS PRIVATE LIMITED","RDS/006476/25-26","VTA87",3,6,+3
"RUPDARSHI DESIGNS PRIVATE LIMITED","RDS/006476/25-26","VTA173",3,6,+3
"RUPDARSHI DESIGNS PRIVATE LIMITED","RDS/006479/25-26","RDWH301",4,2,-2
"RUPDARSHI DESIGNS PRIVATE LIMITED","RDS/006476/25-26","VTA36",4,6,+2
"RUPDARSHI DESIGNS PRIVATE LIMITED","RDS/006476/25-26","KFS58",3,5,+2
"RUPDARSHI DESIGNS PRIVATE LIMITED","RDS/006478/25-26","SRS/RDWH328",4,3,-1
"RUPDARSHI DESIGNS PRIVATE LIMITED","RDS/006479/25-26","DIS34",3,2,-1
"RUPDARSHI HERITAGE PVT LTD","RD/009158/25-26","036-1",11,4,-7
"RUPDARSHI HERITAGE PVT LTD","RD/009159/25-26","HP-212E",4,2,-2
"RUPDARSHI HERITAGE PVT LTD","RD/009158/25-26","TW-032C",8,10,+2
"RUPDARSHI HERITAGE PVT LTD","RD/009159/25-26","HP-212",3,1,-2
"SADBHAVANA ENTERPRISES","11942","922",5,2,-3
"SADBHAVANA ENTERPRISES","11941","24",2,4,+2
"SADBHAVANA ENTERPRISES","11941","75",2,4,+2
"SADBHAVANA ENTERPRISES","11941","99",2,4,+2
"SADBHAVANA ENTERPRISES","11789","2612",5,7,+2
"SADBHAVANA ENTERPRISES","11789","4011",4,6,+2
"SADBHAVANA ENTERPRISES","12439","18677 y",3,1,-2
"SADBHAVANA ENTERPRISES","12439","17004 g",2,1,-1
"SADBHAVANA ENTERPRISES","12439","17002 g",2,1,-1
"SADBHAVANA ENTERPRISES","12439","17001 g",2,1,-1
"SADBHAVANA ENTERPRISES","12439","18641",2,1,-1
"SADBHAVANA ENTERPRISES","12439","18677",2,1,-1
"SADBHAVANA ENTERPRISES","11942","610",3,2,-1
"SADBHAVANA ENTERPRISES","11793","HKD-189",3,2,-1
"SADBHAVANA ENTERPRISES","11793","HT-13",5,4,-1
"SANGEETA CREATIONS","SC/25-26/5663","2107",1,0,-1
"SANGEETA CREATIONS","SC/25-26/5663","2107 ",0,1,+1
"SANGEETA CREATIONS","SC/25-26/5663","2048 ",0,1,+1
"SANGEETA CREATIONS","SC/25-26/5663","2048",1,0,-1
"SATYA DESIGNS PVT. LTD.","SS1999","LKS-014K",6,18,+12
"SATYA DESIGNS PVT. LTD.","SS1999","SFS-224",0,5,+5
"SATYA DESIGNS PVT. LTD.","ST-0184","SAK-3825",1,0,-1
"SATYA DESIGNS PVT. LTD.","ST-0081","SFD-621",1,2,+1
"SATYA DESIGNS PVT. LTD.","ST0239","SAK-3891-B",1,2,+1
"SATYA DESIGNS PVT. LTD.","SS1999","SAK-3825",7,8,+1
"SATYA DESIGNS PVT. LTD.","ST0239","SFD-460",3,4,+1
"SAVI APPARELS","1816","4017/A",3,6,+3
"SAVI APPARELS","1816","4035",3,6,+3
"SHAASHVAT DESIGN STUDIO","73/26-27","1851-P",1,3,+2
"SHAASHVAT DESIGN STUDIO","73/26-27","1851-G",2,4,+2
"SHAASHVAT DESIGN STUDIO","3509/25-26","2043",2,1,-1
"SHAASHVAT DESIGN STUDIO","3509/25-26","2021",2,1,-1
"SHAH NARAYAN DAS & CO.","RC/2526/02/00678","GP-01-10",3,2,-1
"SHAH NARAYAN DAS & CO.","RC/2526/02/00678","IA-1-5",2,3,+1
"SHAH STUDIO","SS/26-27/020","OR-23-4TH FLOOR",0,1,+1
"SHREE VISHWANATH SAREES PVT LTD","25-26/1505","25112",2,4,+2
"SHREE VISHWANATH SAREES PVT LTD","25-26/1505","25175",1,2,+1
"SHREE VISHWANATH SAREES PVT LTD","25-26/1505","25126",1,2,+1
"SHREE VISHWANATH SAREES PVT LTD","25-26/1505","25165",1,2,+1
"SHREE VISHWANATH SAREES PVT LTD","25-26/1505","25179",1,2,+1
"SONA AGRAWAL","SA/26-27/0024","307",0,1,+1
"SONA AGRAWAL","SA/26-27/0024","3111",0,1,+1
"SRI GANESH CREATIONS ","489","14",9,4,-5
"SRI GANESH CREATIONS ","489","13",9,4,-5
"SRI GANESH CREATIONS ","489","1",6,3,-3
"SRI GANESH CREATIONS ","489","15",6,3,-3
"SRI GANESH CREATIONS ","489","11",3,1,-2
"SRI GANESH CREATIONS ","489","12",2,1,-1
"SRISHTI FASHION","16","OR-024-B",0,1,+1
"STRAAVI ENSEMBLES PRIVATE LIMITED","SE/005367/25-26","1718",2,4,+2
"STRAAVI ENSEMBLES PRIVATE LIMITED","SE/005367/25-26","7377",2,4,+2
"STRAAVI ENSEMBLES PRIVATE LIMITED","SE/005367/25-26","7196",2,4,+2
"STRAAVI ENSEMBLES PRIVATE LIMITED","SE/005367/25-26","7197",2,4,+2
"STRAAVI ENSEMBLES PRIVATE LIMITED","SE/005367/25-26","7198",1,2,+1
"STRAAVI ENSEMBLES PRIVATE LIMITED","SE/005360/25-26","036-6656",2,1,-1
"STRAAVI ENSEMBLES PRIVATE LIMITED","SE/005371/25-26","005-6914",0,1,+1
"STRAAVI ENSEMBLES PRIVATE LIMITED","SE/005371/25-26","005-6941",1,0,-1
"STRAAVI ENSEMBLES PRIVATE LIMITED","SE/005375/25-26","035-6929",2,3,+1
"STRAAVI ENSEMBLES PRIVATE LIMITED","SE/005379/25-26","035-0639",3,2,-1
"STRAAVI ENSEMBLES PRIVATE LIMITED","SE/005380/25-26","035-7050 01",0,1,+1
"STYLUXE APPAREL","634","LK165",9,17,+8
"STYLUXE APPAREL","634","ST159",9,8,-1
"SUNRAYS CHIKANKARI LLP","10","17",8,1,-7
"SUNRAYS CHIKANKARI LLP","10","19",5,1,-4
"SUNRAYS CHIKANKARI LLP","10","16",9,5,-4
"SUNRAYS CHIKANKARI LLP","10","2",4,1,-3
"SUNRAYS CHIKANKARI LLP","10","1",6,4,-2
"SWEET LADY","T84/26-27","OR-006-4FLOOR",0,1,+1
"SWEET LADY","330/26-27","OR-026",0,1,+1
"SWEET LADY","T84/26-27","OR-006",0,1,+1
"TANEJA APPARELS P LTD","TA/26-27/988","OR-013",0,1,+1
"TANKHI DESIGNS 1 PVT LTD","TN/25-26/6662","3886A",2,4,+2
"TANKHI DESIGNS 1 PVT LTD","TN/25-26/6662","3883",2,4,+2
"TANKHI DESIGNS 1 PVT LTD","TN/25-26/6426","5225",1,0,-1
"TANKHI DESIGNS 1 PVT LTD","TN/25-26/6426","642",1,0,-1
"TANKHI DESIGNS 1 PVT LTD","TN/26-27/0214","OR-301",0,1,+1
"TULIPS ","25-26/3430","E-104",5,9,+4
"TULIPS ","25-26/3481","E-88",5,7,+2
"TULIPS ","25-26/3310","P-2930-B",0,2,+2
"TULIPS ","25-26/3481","E-89",3,5,+2
"TULIPS ","25-26/3310","P-2911-B",1,2,+1
"TULIPS ","25-26/3310","P-2896-R",1,2,+1
"TULIPS ","25-26/3310","P-2896-P",1,2,+1
"TULIPS ","25-26/3310","P-2977-W",1,2,+1
"TULIPS ","25-26/3310","P-3012-GY",1,2,+1
"TULIPS ","25-26/3310","P-3012-GR",1,2,+1
"TULIPS ","25-26/3310","P-3012-P",1,2,+1
"TULIPS ","25-26/3310","P-2980-G",1,2,+1
"TULIPS ","25-26/3403","P-3033",2,1,-1
"TULIPS ","25-26/3310","P-2977-B",1,2,+1
"TULIPS ","25-26/3310","P-2911-P",1,2,+1
"TULIPS ","S/0219","E-25-02",1,2,+1
"TULIPS ","25-26/3360","2898",3,2,-1
"TULIPS ","25-26/3310","P-2896-G",1,2,+1
"TULIPS ","25-26/3403","P-2960",2,1,-1
"UMMED SAREE CENTRE NX","3431","5/2",2,8,+6
"UMMED SAREE CENTRE NX","3431","1/5",5,3,-2
"UMMED SAREE CENTRE NX","3431","7/4",3,4,+1
"URVASHI SAREES PVT LTD","USP/2601/25-26","UV3A",11,1,-10
"URVASHI SAREES PVT LTD","USP/2598/25-26","UV2 481",10,2,-8
"URVASHI SAREES PVT LTD","USP/2598/25-26","UV2A",10,5,-5
"URVASHI SAREES PVT LTD","USP/2601/25-26","UV3A 1197",1,5,+4
"URVASHI SAREES PVT LTD","USP/2599/25-26","UV3A",8,5,-3
"URVASHI SAREES PVT LTD","USP/2598/25-26","UV2",6,5,-1
"UTKRISHT VATIKA FASHIONS PVT. LTD.","UVFPL/25-26/2042","0643",4,2,-2
"UTKRISHT VATIKA FASHIONS PVT. LTD.","UVFPL/25-26/2042","0376",5,3,-2
"UTKRISHT VATIKA FASHIONS PVT. LTD.","UVFPL/25-26/2042","0677-02",2,1,-1
"UTKRISHT VATIKA FASHIONS PVT. LTD.","UVFPL/25-262043","0654",5,4,-1
"UTKRISHT VATIKA FASHIONS PVT. LTD.","UVFPL/25-262043","0701",2,1,-1
"UTKRISHT VATIKA FASHIONS PVT. LTD.","UVFPL/25-262043","0701-02",2,1,-1
"UTKRISHT VATIKA FASHIONS PVT. LTD.","UVFPL/25-26/2042","0677",2,1,-1
"UTKRISHT VATIKA FASHIONS PVT. LTD.","UVFPL/25-262043","0592",5,4,-1
"UTKRISHT VATIKA FASHIONS PVT. LTD.","UVFPL/25-262043","0594",4,3,-1
"UTKRISHT VATIKA FASHIONS PVT. LTD.","UVFPL/25-262043","0594-02",2,1,-1
"UTKRISHT VATIKA FASHIONS PVT. LTD.","UVFPL/25-262043","0404",1,2,+1
"V NARBHERAM & CO","234575","754",11,7,-4
"V NARBHERAM & CO","234571","598",6,2,-4
"V NARBHERAM & CO","234563","662",8,4,-4
"V NARBHERAM & CO","234564","9717",1,5,+4
"V NARBHERAM & CO","234564","656",4,0,-4
"V NARBHERAM & CO","234575","620",11,7,-4
"V NARBHERAM & CO","234564","1852",8,4,-4
"V NARBHERAM & CO","234569","9717",1,0,-1
"V NARBHERAM & CO","234568","2852",1,0,-1
"V NARBHERAM & CO","234568","670",3,2,-1
"V NARBHERAM & CO","234570","854",3,2,-1
"VAANII","VI/000895/25-26","L-922D",1,2,+1
"VADHU VATIKA","31","SB-4HRG",0,10,+10
"VARIMA FASHIONS PVT LTD","VFPL-2478","T/584/KKP-933-G",3,1,-2
"VARIMA FASHIONS PVT LTD","VFPL-2478","T/584/KKP-933",0,1,+1
"VARIMA FASHIONS PVT LTD","VFPL0075","SF-30-BLUE",0,1,+1
"VARIMA FASHIONS PVT LTD","VFPL0075","SF-30-GREEN",0,1,+1
"VIMAL CREATION","20-2627","71-PINK",1,2,+1
"VIMAL CREATION","20-2627","49-RANI",1,2,+1
"VIMAL CREATION","20-2627","39-RED",1,2,+1
"VIMAL CREATION","20-2627","23-RED",1,2,+1
"VIMAL CREATION","20-2627","70-RED",1,2,+1
"VIRA ENTERPRISES","VE1722/25-26","3009-B",4,2,-2
"VIRA ENTERPRISES","VE1722/25-26","3008",3,5,+2
"VIRA ENTERPRISES","VE1789/25-26","HA-6081",1,2,+1
"VIRA ENTERPRISES","VE1722/25-26","6059-B",1,2,+1
"VIRA ENTERPRISES","VE1722/25-26","3008-B",4,3,-1
"VSB VASTTRAM PVT LTD","VSBV/0585/26-27","OR-35-4TH-FLOOR",0,1,+1
"VSB VASTTRAM PVT LTD","VSBV/0288/26-27","S1ss24",0,1,+1
"WARIS HOUSE OF FASHION","WH/2025-26/608","SLC-03-BLUE",1,3,+2
"ZUBEDA SILK & SAREES ","25-26/311","Z1",2,1,-1
